010202,Amazonas,Aramango,true,Bagua
010201,Amazonas,Bagua,true,Bagua
010203,Amazonas,Copallin,true,Bagua
010204,Amazonas,El Parco,true,Bagua
010205,Amazonas,Imaza,true,Bagua
010206,Amazonas,La Peca,true,Bagua
010302,Amazonas,Chisquilla,true,Bongara
010303,Amazonas,Churuja,true,Bongara
010304,Amazonas,Corosha,true,Bongara
010305,Amazonas,Cuispes,true,Bongara
010306,Amazonas,Florida,true,Bongara
010307,Amazonas,Jazan,true,Bongara
010301,Amazonas,Jumbilla,true,Bongara
010308,Amazonas,Recta,true,Bongara
010309,Amazonas,San Carlos,true,Bongara
010310,Amazonas,Shipasbamba,true,Bongara
010311,Amazonas,Valera,true,Bongara
010312,Amazonas,Yambrasbamba,true,Bongara
010102,Amazonas,Asuncion,true,Chachapoyas
010103,Amazonas,Balsas,true,Chachapoyas
010101,Amazonas,Chachapoyas,true,Chachapoyas
010104,Amazonas,Cheto,true,Chachapoyas
010105,Amazonas,Chiliquin,true,Chachapoyas
010106,Amazonas,Chuquibamba,true,Chachapoyas
010107,Amazonas,Granada,true,Chachapoyas
010108,Amazonas,Huancas,true,Chachapoyas
010109,Amazonas,La Jalca,true,Chachapoyas
010110,Amazonas,Leimebamba,true,Chachapoyas
010111,Amazonas,Levanto,true,Chachapoyas
010112,Amazonas,Magdalena,true,Chachapoyas
010113,Amazonas,Mariscal Castilla,true,Chachapoyas
010114,Amazonas,Molinopampa,true,Chachapoyas
010115,Amazonas,Montevideo,true,Chachapoyas
010116,Amazonas,Olleros,true,Chachapoyas
010117,Amazonas,Quinjalca,true,Chachapoyas
010118,Amazonas,San Francisco de Daguas,true,Chachapoyas
010119,Amazonas,San Isidro de Maino,true,Chachapoyas
010120,Amazonas,Soloco,true,Chachapoyas
010121,Amazonas,Sonche,true,Chachapoyas
010402,Amazonas,El Cenepa,true,Condorcanqui
010401,Amazonas,Nieva,true,Condorcanqui
010403,Amazonas,Rio Santiago,true,Condorcanqui
010502,Amazonas,Camporredondo,true,Luya
010503,Amazonas,Cocabamba,true,Luya
010504,Amazonas,Colcamar,true,Luya
010505,Amazonas,Conila,true,Luya
010506,Amazonas,Inguilpata,true,Luya
010501,Amazonas,Lamud,true,Luya
010507,Amazonas,Longuita,true,Luya
010508,Amazonas,Lonya Chico,true,Luya
010509,Amazonas,Luya,true,Luya
010510,Amazonas,Luya Viejo,true,Luya
010511,Amazonas,Maria,true,Luya
010512,Amazonas,Ocalli,true,Luya
010513,Amazonas,Ocumal,true,Luya
010514,Amazonas,Pisuquia,true,Luya
010515,Amazonas,Providencia,true,Luya
010516,Amazonas,San Cristobal,true,Luya
010517,Amazonas,San Francisco del Yeso,true,Luya
010518,Amazonas,San Jeronimo,true,Luya
010519,Amazonas,San Juan de Lopecancha,true,Luya
010520,Amazonas,Santa Catalina,true,Luya
010521,Amazonas,Santo Tomas,true,Luya
010522,Amazonas,Tingo,true,Luya
010523,Amazonas,Trita,true,Luya
010602,Amazonas,Chirimoto,true,Rodriguez de Mendoza
010603,Amazonas,Cochamal,true,Rodriguez de Mendoza
010604,Amazonas,Huambo,true,Rodriguez de Mendoza
010605,Amazonas,Limabamba,true,Rodriguez de Mendoza
010606,Amazonas,Longar,true,Rodriguez de Mendoza
010607,Amazonas,Mariscal Benavides,true,Rodriguez de Mendoza
010608,Amazonas,Milpuc,true,Rodriguez de Mendoza
010609,Amazonas,Omia,true,Rodriguez de Mendoza
010601,Amazonas,San Nicolas,true,Rodriguez de Mendoza
010610,Amazonas,Santa Rosa,true,Rodriguez de Mendoza
010611,Amazonas,Totora,true,Rodriguez de Mendoza
010612,Amazonas,Vista Alegre,true,Rodriguez de Mendoza
010701,Amazonas,Bagua Grande,true,Utcubamba
010702,Amazonas,Cajaruro,true,Utcubamba
010703,Amazonas,Cumba,true,Utcubamba
010704,Amazonas,El Milagro,true,Utcubamba
010705,Amazonas,Jamalca,true,Utcubamba
010706,Amazonas,Lonya Grande,true,Utcubamba
010707,Amazonas,Yamon,true,Utcubamba
020201,Ancash,Aija,true,Aija
020202,Ancash,Coris,true,Aija
020203,Ancash,Huacllan,true,Aija
020204,Ancash,La Merced,true,Aija
020205,Ancash,Succha,true,Aija
020302,Ancash,Aczo,true,Antonio Raymondi
020303,Ancash,Chaccho,true,Antonio Raymondi
020304,Ancash,Chingas,true,Antonio Raymondi
020301,Ancash,Llamellin,true,Antonio Raymondi
020305,Ancash,Mirgas,true,Antonio Raymondi
020306,Ancash,San Juan de Rontoy,true,Antonio Raymondi
020402,Ancash,Acochaca,true,Asuncion
020401,Ancash,Chacas,true,Asuncion
020502,Ancash,Abelardo Pardo Lezameta,true,Bolognesi
020503,Ancash,Antonio Raymondi,true,Bolognesi
020504,Ancash,Aquia,true,Bolognesi
020505,Ancash,Cajacay,true,Bolognesi
020506,Ancash,Canis,true,Bolognesi
020501,Ancash,Chiquian,true,Bolognesi
020507,Ancash,Colquioc,true,Bolognesi
020508,Ancash,Huallanca,true,Bolognesi
020509,Ancash,Huasta,true,Bolognesi
020510,Ancash,Huayllacayan,true,Bolognesi
020511,Ancash,La Primavera,true,Bolognesi
020512,Ancash,Mangas,true,Bolognesi
020513,Ancash,Pacllon,true,Bolognesi
020514,Ancash,San Miguel de Corpanqui,true,Bolognesi
020515,Ancash,Ticllos,true,Bolognesi
020602,Ancash,Acopampa,true,Carhuaz
020603,Ancash,Amashca,true,Carhuaz
020604,Ancash,Anta,true,Carhuaz
020605,Ancash,Ataquero,true,Carhuaz
020601,Ancash,Carhuaz,true,Carhuaz
020606,Ancash,Marcara,true,Carhuaz
020607,Ancash,Pariahuanca,true,Carhuaz
020608,Ancash,San Miguel de Aco,true,Carhuaz
020609,Ancash,Shilla,true,Carhuaz
020610,Ancash,Tinco,true,Carhuaz
020611,Ancash,Yungar,true,Carhuaz
020701,Ancash,San Luis,true,Carlos Fermin Fitzca
020702,Ancash,San Nicolas,true,Carlos Fermin Fitzca
020703,Ancash,Yauya,true,Carlos Fermin Fitzca
020802,Ancash,Buena Vista Alta,true,Casma
020801,Ancash,Casma,true,Casma
020803,Ancash,Comandante Noel,true,Casma
020804,Ancash,Yautan,true,Casma
020902,Ancash,Aco,true,Corongo
020903,Ancash,Bambas,true,Corongo
020901,Ancash,Corongo,true,Corongo
020904,Ancash,Cusca,true,Corongo
020905,Ancash,La Pampa,true,Corongo
020906,Ancash,Yanac,true,Corongo
020907,Ancash,Yupan,true,Corongo
020102,Ancash,Cochabamba,true,Huaraz
020103,Ancash,Colcabamba,true,Huaraz
020104,Ancash,Huanchay,true,Huaraz
020101,Ancash,Huaraz,true,Huaraz
020105,Ancash,Independencia,true,Huaraz
020106,Ancash,Jangas,true,Huaraz
020107,Ancash,La Libertad,true,Huaraz
020108,Ancash,Olleros,true,Huaraz
020109,Ancash,Pampas,true,Huaraz
020110,Ancash,Pariacoto,true,Huaraz
020111,Ancash,Pira,true,Huaraz
020112,Ancash,Tarica,true,Huaraz
021002,Ancash,Anra,true,Huari
021003,Ancash,Cajay,true,Huari
021004,Ancash,Chavin de Huantar,true,Huari
021005,Ancash,Huacachi,true,Huari
021006,Ancash,Huacchis,true,Huari
021007,Ancash,Huachis,true,Huari
021008,Ancash,Huantar,true,Huari
021001,Ancash,Huari,true,Huari
021009,Ancash,Masin,true,Huari
021010,Ancash,Paucas,true,Huari
021011,Ancash,Ponto,true,Huari
021012,Ancash,Rahuapampa,true,Huari
021013,Ancash,Rapayan,true,Huari
021014,Ancash,San Marcos,true,Huari
021015,Ancash,San Pedro de Chana,true,Huari
021016,Ancash,Uco,true,Huari
021102,Ancash,Cochapeti,true,Huarmey
021103,Ancash,Culebras,true,Huarmey
021101,Ancash,Huarmey,true,Huarmey
021104,Ancash,Huayan,true,Huarmey
021105,Ancash,Malvas,true,Huarmey
021201,Ancash,Caraz,true,Huaylas
021202,Ancash,Huallanca,true,Huaylas
021203,Ancash,Huata,true,Huaylas
021204,Ancash,Huaylas,true,Huaylas
021205,Ancash,Mato,true,Huaylas
021206,Ancash,Pamparomas,true,Huaylas
021207,Ancash,Pueblo Libre,true,Huaylas
021208,Ancash,Santa Cruz,true,Huaylas
021209,Ancash,Santo Toribio,true,Huaylas
021210,Ancash,Yuracmarca,true,Huaylas
021302,Ancash,Casca,true,Mariscal Luzuriaga
021303,Ancash,Eleazar Guzman Barron,true,Mariscal Luzuriaga
021304,Ancash,Fidel Olivas Escudero,true,Mariscal Luzuriaga
021305,Ancash,Llama,true,Mariscal Luzuriaga
021306,Ancash,Llumpa,true,Mariscal Luzuriaga
021307,Ancash,Lucma,true,Mariscal Luzuriaga
021308,Ancash,Musga,true,Mariscal Luzuriaga
021301,Ancash,Piscobamba,true,Mariscal Luzuriaga
021402,Ancash,Acas,true,Ocros
021403,Ancash,Cajamarquilla,true,Ocros
021404,Ancash,Carhuapampa,true,Ocros
021405,Ancash,Cochas,true,Ocros
021406,Ancash,Congas,true,Ocros
021407,Ancash,Llipa,true,Ocros
021401,Ancash,Ocros,true,Ocros
021408,Ancash,San Cristobal de Rajan,true,Ocros
021409,Ancash,San Pedro,true,Ocros
021410,Ancash,Santiago de Chilcas,true,Ocros
021502,Ancash,Bolognesi,true,Pallasca
021501,Ancash,Cabana,true,Pallasca
021503,Ancash,Conchucos,true,Pallasca
021504,Ancash,Huacaschuque,true,Pallasca
021505,Ancash,Huandoval,true,Pallasca
021506,Ancash,Lacabamba,true,Pallasca
021507,Ancash,Llapo,true,Pallasca
021508,Ancash,Pallasca,true,Pallasca
021509,Ancash,Pampas,true,Pallasca
021510,Ancash,Santa Rosa,true,Pallasca
021511,Ancash,Tauca,true,Pallasca
021602,Ancash,Huayllan,true,Pomabamba
021603,Ancash,Parobamba,true,Pomabamba
021601,Ancash,Pomabamba,true,Pomabamba
021604,Ancash,Quinuabamba,true,Pomabamba
021702,Ancash,Catac,true,Recuay
021703,Ancash,Cotaparaco,true,Recuay
021704,Ancash,Huayllapampa,true,Recuay
021705,Ancash,Llacllin,true,Recuay
021706,Ancash,Marca,true,Recuay
021707,Ancash,Pampas Chico,true,Recuay
021708,Ancash,Pararin,true,Recuay
021701,Ancash,Recuay,true,Recuay
021709,Ancash,Tapacocha,true,Recuay
021710,Ancash,Ticapampa,true,Recuay
021802,Ancash,Caceres del Peru,true,Santa
021801,Ancash,Chimbote,true,Santa
021803,Ancash,Coishco,true,Santa
021804,Ancash,Macate,true,Santa
021805,Ancash,Moro,true,Santa
021806,Ancash,Nepeña,true,Santa
021809,Ancash,Nuevo Chimbote,true,Santa
021807,Ancash,Samanco,true,Santa
021808,Ancash,Santa,true,Santa
021902,Ancash,Acobamba,true,Sihuas
021903,Ancash,Alfonso Ugarte,true,Sihuas
021904,Ancash,Cashapampa,true,Sihuas
021905,Ancash,Chingalpo,true,Sihuas
021906,Ancash,Huayllabamba,true,Sihuas
021907,Ancash,Quiches,true,Sihuas
021908,Ancash,Ragash,true,Sihuas
021909,Ancash,San Juan,true,Sihuas
021910,Ancash,Sicsibamba,true,Sihuas
021901,Ancash,Sihuas,true,Sihuas
022002,Ancash,Cascapara,true,Yungay
022003,Ancash,Mancos,true,Yungay
022004,Ancash,Matacoto,true,Yungay
022005,Ancash,Quillo,true,Yungay
022006,Ancash,Ranrahirca,true,Yungay
022007,Ancash,Shupluy,true,Yungay
022008,Ancash,Yanama,true,Yungay
022001,Ancash,Yungay,true,Yungay
030101,Apurimac,Abancay,true,Abancay
030102,Apurimac,Chacoche,true,Abancay
030103,Apurimac,Circa,true,Abancay
030104,Apurimac,Curahuasi,true,Abancay
030105,Apurimac,Huanipaca,true,Abancay
030106,Apurimac,Lambrama,true,Abancay
030107,Apurimac,Pichirhua,true,Abancay
030108,Apurimac,San Pedro de Cachora,true,Abancay
030109,Apurimac,Tamburco,true,Abancay
030201,Apurimac,Andahuaylas,true,Andahuaylas
030202,Apurimac,Andarapa,true,Andahuaylas
030203,Apurimac,Chiara,true,Andahuaylas
030204,Apurimac,Huancarama,true,Andahuaylas
030205,Apurimac,Huancaray,true,Andahuaylas
030206,Apurimac,Huayana,true,Andahuaylas
030220,Apurimac,José María Arguedas,true,Andahuaylas
030219,Apurimac,Kaquiabamba,true,Andahuaylas
030207,Apurimac,Kishuara,true,Andahuaylas
030208,Apurimac,Pacobamba,true,Andahuaylas
030209,Apurimac,Pacucha,true,Andahuaylas
030210,Apurimac,Pampachiri,true,Andahuaylas
030211,Apurimac,Pomacocha,true,Andahuaylas
030212,Apurimac,San Antonio de Cachi,true,Andahuaylas
030213,Apurimac,San Jeronimo,true,Andahuaylas
030214,Apurimac,San Miguel de Chaccrampa,true,Andahuaylas
030215,Apurimac,Santa Maria de Chicmo,true,Andahuaylas
030216,Apurimac,Talavera,true,Andahuaylas
030217,Apurimac,Tumay Huaraca,true,Andahuaylas
030218,Apurimac,Turpo,true,Andahuaylas
030301,Apurimac,Antabamba,true,Antabamba
030302,Apurimac,El Oro,true,Antabamba
030303,Apurimac,Huaquirca,true,Antabamba
030304,Apurimac,Juan Espinoza Medrano,true,Antabamba
030305,Apurimac,Oropesa,true,Antabamba
030306,Apurimac,Pachaconas,true,Antabamba
030307,Apurimac,Sabaino,true,Antabamba
030402,Apurimac,Capaya,true,Aymaraes
030403,Apurimac,Caraybamba,true,Aymaraes
030401,Apurimac,Chalhuanca,true,Aymaraes
030404,Apurimac,Chapimarca,true,Aymaraes
030405,Apurimac,Colcabamba,true,Aymaraes
030406,Apurimac,Cotaruse,true,Aymaraes
030407,Apurimac,Huayllo,true,Aymaraes
030408,Apurimac,Justo Apu Sahuaraura,true,Aymaraes
030409,Apurimac,Lucre,true,Aymaraes
030410,Apurimac,Pocohuanca,true,Aymaraes
030411,Apurimac,San Juan de Chacña,true,Aymaraes
030412,Apurimac,Sañayca,true,Aymaraes
030413,Apurimac,Soraya,true,Aymaraes
030414,Apurimac,Tapairihua,true,Aymaraes
030415,Apurimac,Tintay,true,Aymaraes
030416,Apurimac,Toraya,true,Aymaraes
030417,Apurimac,Yanaca,true,Aymaraes
030602,Apurimac,Anco_Huallo,true,Chincheros
030601,Apurimac,Chincheros,true,Chincheros
030603,Apurimac,Cocharcas,true,Chincheros
030610,Apurimac,El Porvenir,true,Chincheros
030604,Apurimac,Huaccana,true,Chincheros
030611,Apurimac,Los Chankas,true,Chincheros
030605,Apurimac,Ocobamba,true,Chincheros
030606,Apurimac,Ongoy,true,Chincheros
030608,Apurimac,Ranracancha,true,Chincheros
030609,Apurimac,Rocchacc,true,Chincheros
030607,Apurimac,Uranmarca,true,Chincheros
030506,Apurimac,Challhuahuacho,true,Cotabambas
030502,Apurimac,Cotabambas,true,Cotabambas
030503,Apurimac,Coyllurqui,true,Cotabambas
030504,Apurimac,Haquira,true,Cotabambas
030505,Apurimac,Mara,true,Cotabambas
030501,Apurimac,Tambobamba,true,Cotabambas
030701,Apurimac,Chuquibambilla,true,Grau
030714,Apurimac,Curasco,true,Grau
030702,Apurimac,Curpahuasi,true,Grau
030703,Apurimac,Gamarra,true,Grau
030704,Apurimac,Huayllati,true,Grau
030705,Apurimac,Mamara,true,Grau
030706,Apurimac,Micaela Bastidas,true,Grau
030707,Apurimac,Pataypampa,true,Grau
030708,Apurimac,Progreso,true,Grau
030709,Apurimac,San Antonio,true,Grau
030710,Apurimac,Santa Rosa,true,Grau
030711,Apurimac,Turpay,true,Grau
030712,Apurimac,Vilcabamba,true,Grau
030713,Apurimac,Virundo,true,Grau
040102,Arequipa,Alto Selva Alegre,true,Arequipa
040101,Arequipa,Arequipa,true,Arequipa
040103,Arequipa,Cayma,true,Arequipa
040104,Arequipa,Cerro Colorado,true,Arequipa
040105,Arequipa,Characato,true,Arequipa
040106,Arequipa,Chiguata,true,Arequipa
040107,Arequipa,Jacobo Hunter,true,Arequipa
040129,Arequipa,Jose Luis Bustamante y Rivero,true,Arequipa
040108,Arequipa,La Joya,true,Arequipa
040109,Arequipa,Mariano Melgar,true,Arequipa
040110,Arequipa,Miraflores,true,Arequipa
040111,Arequipa,Mollebaya,true,Arequipa
040112,Arequipa,Paucarpata,true,Arequipa
040113,Arequipa,Pocsi,true,Arequipa
040114,Arequipa,Polobaya,true,Arequipa
040115,Arequipa,Quequeña,true,Arequipa
040116,Arequipa,Sabandia,true,Arequipa
040117,Arequipa,Sachaca,true,Arequipa
040118,Arequipa,San Juan de Siguas,true,Arequipa
040119,Arequipa,San Juan de Tarucani,true,Arequipa
040120,Arequipa,Santa Isabel de Siguas,true,Arequipa
040121,Arequipa,Santa Rita de Siguas,true,Arequipa
040122,Arequipa,Socabaya,true,Arequipa
040123,Arequipa,Tiabaya,true,Arequipa
040124,Arequipa,Uchumayo,true,Arequipa
040125,Arequipa,Vitor,true,Arequipa
040126,Arequipa,Yanahuara,true,Arequipa
040127,Arequipa,Yarabamba,true,Arequipa
040128,Arequipa,Yura,true,Arequipa
040201,Arequipa,Camana,true,Camana
040202,Arequipa,Jose Maria Quimper,true,Camana
040203,Arequipa,Mariano Nicolas Valcarcel,true,Camana
040204,Arequipa,Mariscal Caceres,true,Camana
040205,Arequipa,Nicolas de Pierola,true,Camana
040206,Arequipa,Ocoña,true,Camana
040207,Arequipa,Quilca,true,Camana
040208,Arequipa,Samuel Pastor,true,Camana
040302,Arequipa,Acari,true,Caraveli
040303,Arequipa,Atico,true,Caraveli
040304,Arequipa,Atiquipa,true,Caraveli
040305,Arequipa,Bella Union,true,Caraveli
040306,Arequipa,Cahuacho,true,Caraveli
040301,Arequipa,Caraveli,true,Caraveli
040307,Arequipa,Chala,true,Caraveli
040308,Arequipa,Chaparra,true,Caraveli
040309,Arequipa,Huanuhuanu,true,Caraveli
040310,Arequipa,Jaqui,true,Caraveli
040311,Arequipa,Lomas,true,Caraveli
040312,Arequipa,Quicacha,true,Caraveli
040313,Arequipa,Yauca,true,Caraveli
040402,Arequipa,Andagua,true,Castilla
040401,Arequipa,Aplao,true,Castilla
040403,Arequipa,Ayo,true,Castilla
040404,Arequipa,Chachas,true,Castilla
040405,Arequipa,Chilcaymarca,true,Castilla
040406,Arequipa,Choco,true,Castilla
040407,Arequipa,Huancarqui,true,Castilla
040408,Arequipa,Machaguay,true,Castilla
040409,Arequipa,Orcopampa,true,Castilla
040410,Arequipa,Pampacolca,true,Castilla
040411,Arequipa,Tipan,true,Castilla
040412,Arequipa,Uñon,true,Castilla
040413,Arequipa,Uraca,true,Castilla
040414,Arequipa,Viraco,true,Castilla
040502,Arequipa,Achoma,true,Caylloma
040503,Arequipa,Cabanaconde,true,Caylloma
040504,Arequipa,Callalli,true,Caylloma
040505,Arequipa,Caylloma,true,Caylloma
040501,Arequipa,Chivay,true,Caylloma
040506,Arequipa,Coporaque,true,Caylloma
040507,Arequipa,Huambo,true,Caylloma
040508,Arequipa,Huanca,true,Caylloma
040509,Arequipa,Ichupampa,true,Caylloma
040510,Arequipa,Lari,true,Caylloma
040511,Arequipa,Lluta,true,Caylloma
040512,Arequipa,Maca,true,Caylloma
040513,Arequipa,Madrigal,true,Caylloma
040520,Arequipa,Majes,true,Caylloma
040514,Arequipa,San Antonio de Chuca,true,Caylloma
040515,Arequipa,Sibayo,true,Caylloma
040516,Arequipa,Tapay,true,Caylloma
040517,Arequipa,Tisco,true,Caylloma
040518,Arequipa,Tuti,true,Caylloma
040519,Arequipa,Yanque,true,Caylloma
040602,Arequipa,Andaray,true,Condesuyos
040603,Arequipa,Cayarani,true,Condesuyos
040604,Arequipa,Chichas,true,Condesuyos
040601,Arequipa,Chuquibamba,true,Condesuyos
040605,Arequipa,Iray,true,Condesuyos
040606,Arequipa,Rio Grande,true,Condesuyos
040607,Arequipa,Salamanca,true,Condesuyos
040608,Arequipa,Yanaquihua,true,Condesuyos
040702,Arequipa,Cocachacra,true,Islay
040703,Arequipa,Dean Valdivia,true,Islay
040704,Arequipa,Islay,true,Islay
040705,Arequipa,Mejia,true,Islay
040701,Arequipa,Mollendo,true,Islay
040706,Arequipa,Punta de Bombon,true,Islay
040802,Arequipa,Alca,true,La Union
040803,Arequipa,Charcana,true,La Union
040801,Arequipa,Cotahuasi,true,La Union
040804,Arequipa,Huaynacotas,true,La Union
040805,Arequipa,Pampamarca,true,La Union
040806,Arequipa,Puyca,true,La Union
040807,Arequipa,Quechualla,true,La Union
040808,Arequipa,Sayla,true,La Union
040809,Arequipa,Tauria,true,La Union
040810,Arequipa,Tomepampa,true,La Union
040811,Arequipa,Toro,true,La Union
050201,Ayacucho,Cangallo,true,Cangallo
050202,Ayacucho,Chuschi,true,Cangallo
050203,Ayacucho,Los Morochucos,true,Cangallo
050204,Ayacucho,Maria Parado de Bellido,true,Cangallo
050205,Ayacucho,Paras,true,Cangallo
050206,Ayacucho,Totos,true,Cangallo
050102,Ayacucho,Acocro,true,Huamanga
050103,Ayacucho,Acos Vinchos,true,Huamanga
050116,Ayacucho,Andrés Avelino Cáceres Dorregaray,true,Huamanga
050101,Ayacucho,Ayacucho,true,Huamanga
050104,Ayacucho,Carmen Alto,true,Huamanga
050105,Ayacucho,Chiara,true,Huamanga
050115,Ayacucho,Jesus Nazareno,true,Huamanga
050106,Ayacucho,Ocros,true,Huamanga
050107,Ayacucho,Pacaycasa,true,Huamanga
050108,Ayacucho,Quinua,true,Huamanga
050109,Ayacucho,San Jose de Ticllas,true,Huamanga
050110,Ayacucho,San Juan Bautista,true,Huamanga
050111,Ayacucho,Santiago de Pischa,true,Huamanga
050112,Ayacucho,Socos,true,Huamanga
050113,Ayacucho,Tambillo,true,Huamanga
050114,Ayacucho,Vinchos,true,Huamanga
050302,Ayacucho,Carapo,true,Huanca Sancos
050303,Ayacucho,Sacsamarca,true,Huanca Sancos
050301,Ayacucho,Sancos,true,Huanca Sancos
050304,Ayacucho,Santiago de Lucanamarca,true,Huanca Sancos
050402,Ayacucho,Ayahuanco,true,Huanta
050409,Ayacucho,Canayre,true,Huanta
050412,Ayacucho,Chaca,true,Huanta
050403,Ayacucho,Huamanguilla,true,Huanta
050401,Ayacucho,Huanta,true,Huanta
050404,Ayacucho,Iguain,true,Huanta
050408,Ayacucho,Llochegua,true,Huanta
050405,Ayacucho,Luricocha,true,Huanta
050411,Ayacucho,Pucacolpa,true,Huanta
050406,Ayacucho,Santillana,true,Huanta
050407,Ayacucho,Sivia,true,Huanta
050410,Ayacucho,Uchuraccay,true,Huanta
050510,Ayacucho,Anchihuay,true,La Mar
050502,Ayacucho,Anco,true,La Mar
050503,Ayacucho,Ayna,true,La Mar
050504,Ayacucho,Chilcas,true,La Mar
050505,Ayacucho,Chungui,true,La Mar
050506,Ayacucho,Luis Carranza,true,La Mar
050511,Ayacucho,Oronccoy,true,La Mar
050509,Ayacucho,Samugari,true,La Mar
050501,Ayacucho,San Miguel,true,La Mar
050507,Ayacucho,Santa Rosa,true,La Mar
050508,Ayacucho,Tambo,true,La Mar
050602,Ayacucho,Aucara,true,Lucanas
050603,Ayacucho,Cabana,true,Lucanas
050604,Ayacucho,Carmen Salcedo,true,Lucanas
050605,Ayacucho,Chaviña,true,Lucanas
050606,Ayacucho,Chipao,true,Lucanas
050607,Ayacucho,Huac-Huas,true,Lucanas
050608,Ayacucho,Laramate,true,Lucanas
050609,Ayacucho,Leoncio Prado,true,Lucanas
050610,Ayacucho,Llauta,true,Lucanas
050611,Ayacucho,Lucanas,true,Lucanas
050612,Ayacucho,Ocaña,true,Lucanas
050613,Ayacucho,Otoca,true,Lucanas
050601,Ayacucho,Puquio,true,Lucanas
050614,Ayacucho,Saisa,true,Lucanas
050615,Ayacucho,San Cristobal,true,Lucanas
050616,Ayacucho,San Juan,true,Lucanas
050617,Ayacucho,San Pedro,true,Lucanas
050618,Ayacucho,San Pedro de Palco,true,Lucanas
050619,Ayacucho,Sancos,true,Lucanas
050620,Ayacucho,Santa Ana de Huaycahuacho,true,Lucanas
050621,Ayacucho,Santa Lucia,true,Lucanas
050702,Ayacucho,Chumpi,true,Parinacochas
050701,Ayacucho,Coracora,true,Parinacochas
050703,Ayacucho,Coronel Castañeda,true,Parinacochas
050704,Ayacucho,Pacapausa,true,Parinacochas
050705,Ayacucho,Pullo,true,Parinacochas
050706,Ayacucho,Puyusca,true,Parinacochas
050707,Ayacucho,San Francisco de Ravacayco,true,Parinacochas
050708,Ayacucho,Upahuacho,true,Parinacochas
050802,Ayacucho,Colta,true,Paucar del Sara Sara
050803,Ayacucho,Corculla,true,Paucar del Sara Sara
050804,Ayacucho,Lampa,true,Paucar del Sara Sara
050805,Ayacucho,Marcabamba,true,Paucar del Sara Sara
050806,Ayacucho,Oyolo,true,Paucar del Sara Sara
050807,Ayacucho,Pararca,true,Paucar del Sara Sara
050801,Ayacucho,Pausa,true,Paucar del Sara Sara
050808,Ayacucho,San Javier de Alpabamba,true,Paucar del Sara Sara
050809,Ayacucho,San Jose de Ushua,true,Paucar del Sara Sara
050810,Ayacucho,Sara Sara,true,Paucar del Sara Sara
050902,Ayacucho,Belen,true,Sucre
050903,Ayacucho,Chalcos,true,Sucre
050904,Ayacucho,Chilcayoc,true,Sucre
050905,Ayacucho,Huacaña,true,Sucre
050906,Ayacucho,Morcolla,true,Sucre
050907,Ayacucho,Paico,true,Sucre
050901,Ayacucho,Querobamba,true,Sucre
050908,Ayacucho,San Pedro de Larcay,true,Sucre
050909,Ayacucho,San Salvador de Quije,true,Sucre
050910,Ayacucho,Santiago de Paucaray,true,Sucre
050911,Ayacucho,Soras,true,Sucre
051002,Ayacucho,Alcamenca,true,Victor Fajardo
051003,Ayacucho,Apongo,true,Victor Fajardo
051004,Ayacucho,Asquipata,true,Victor Fajardo
051005,Ayacucho,Canaria,true,Victor Fajardo
051006,Ayacucho,Cayara,true,Victor Fajardo
051007,Ayacucho,Colca,true,Victor Fajardo
051008,Ayacucho,Huamanquiquia,true,Victor Fajardo
051001,Ayacucho,Huancapi,true,Victor Fajardo
051009,Ayacucho,Huancaraylla,true,Victor Fajardo
051010,Ayacucho,Huaya,true,Victor Fajardo
051011,Ayacucho,Sarhua,true,Victor Fajardo
051012,Ayacucho,Vilcanchos,true,Victor Fajardo
051102,Ayacucho,Accomarca,true,Vilcas Huaman
051103,Ayacucho,Carhuanca,true,Vilcas Huaman
051104,Ayacucho,Concepcion,true,Vilcas Huaman
051105,Ayacucho,Huambalpa,true,Vilcas Huaman
051106,Ayacucho,Independencia,true,Vilcas Huaman
051107,Ayacucho,Saurama,true,Vilcas Huaman
051101,Ayacucho,Vilcas Huaman,true,Vilcas Huaman
051108,Ayacucho,Vischongo,true,Vilcas Huaman
060202,Cajamarca,Cachachi,true,Cajabamba
060201,Cajamarca,Cajabamba,true,Cajabamba
060203,Cajamarca,Condebamba,true,Cajabamba
060204,Cajamarca,Sitacocha,true,Cajabamba
060102,Cajamarca,Asuncion,true,Cajamarca
060101,Cajamarca,Cajamarca,true,Cajamarca
060103,Cajamarca,Chetilla,true,Cajamarca
060104,Cajamarca,Cospan,true,Cajamarca
060105,Cajamarca,Encañada,true,Cajamarca
060106,Cajamarca,Jesus,true,Cajamarca
060107,Cajamarca,Llacanora,true,Cajamarca
060108,Cajamarca,Los Baños del Inca,true,Cajamarca
060109,Cajamarca,Magdalena,true,Cajamarca
060110,Cajamarca,Matara,true,Cajamarca
060111,Cajamarca,Namora,true,Cajamarca
060112,Cajamarca,San Juan,true,Cajamarca
060301,Cajamarca,Celendin,true,Celendin
060302,Cajamarca,Chumuch,true,Celendin
060303,Cajamarca,Cortegana,true,Celendin
060304,Cajamarca,Huasmin,true,Celendin
060305,Cajamarca,Jorge Chavez,true,Celendin
060306,Cajamarca,Jose Galvez,true,Celendin
060312,Cajamarca,La Libertad de Pallan,true,Celendin
060307,Cajamarca,Miguel Iglesias,true,Celendin
060308,Cajamarca,Oxamarca,true,Celendin
060309,Cajamarca,Sorochuco,true,Celendin
060310,Cajamarca,Sucre,true,Celendin
060311,Cajamarca,Utco,true,Celendin
060402,Cajamarca,Anguia,true,Chota
060403,Cajamarca,Chadin,true,Chota
060419,Cajamarca,Chalamarca,true,Chota
060404,Cajamarca,Chiguirip,true,Chota
060405,Cajamarca,Chimban,true,Chota
060406,Cajamarca,Choropampa,true,Chota
060401,Cajamarca,Chota,true,Chota
060407,Cajamarca,Cochabamba,true,Chota
060408,Cajamarca,Conchan,true,Chota
060409,Cajamarca,Huambos,true,Chota
060410,Cajamarca,Lajas,true,Chota
060411,Cajamarca,Llama,true,Chota
060412,Cajamarca,Miracosta,true,Chota
060413,Cajamarca,Paccha,true,Chota
060414,Cajamarca,Pion,true,Chota
060415,Cajamarca,Querocoto,true,Chota
060416,Cajamarca,San Juan de Licupis,true,Chota
060417,Cajamarca,Tacabamba,true,Chota
060418,Cajamarca,Tocmoche,true,Chota
060502,Cajamarca,Chilete,true,Contumaza
060501,Cajamarca,Contumaza,true,Contumaza
060503,Cajamarca,Cupisnique,true,Contumaza
060504,Cajamarca,Guzmango,true,Contumaza
060505,Cajamarca,San Benito,true,Contumaza
060506,Cajamarca,Santa Cruz de Toled,true,Contumaza
060507,Cajamarca,Tantarica,true,Contumaza
060508,Cajamarca,Yonan,true,Contumaza
060602,Cajamarca,Callayuc,true,Cutervo
060603,Cajamarca,Choros,true,Cutervo
060604,Cajamarca,Cujillo,true,Cutervo
060601,Cajamarca,Cutervo,true,Cutervo
060605,Cajamarca,La Ramada,true,Cutervo
060606,Cajamarca,Pimpingos,true,Cutervo
060607,Cajamarca,Querocotillo,true,Cutervo
060608,Cajamarca,San Andres de Cutervo,true,Cutervo
060609,Cajamarca,San Juan de Cutervo,true,Cutervo
060610,Cajamarca,San Luis de Lucma,true,Cutervo
060611,Cajamarca,Santa Cruz,true,Cutervo
060612,Cajamarca,Santo Domingo de La Capilla,true,Cutervo
060613,Cajamarca,Santo Tomas,true,Cutervo
060614,Cajamarca,Socota,true,Cutervo
060615,Cajamarca,Toribio Casanova,true,Cutervo
060701,Cajamarca,Bambamarca,true,Hualgayoc
060702,Cajamarca,Chugur,true,Hualgayoc
060703,Cajamarca,Hualgayoc,true,Hualgayoc
060802,Cajamarca,Bellavista,true,Jaen
060803,Cajamarca,Chontali,true,Jaen
060804,Cajamarca,Colasay,true,Jaen
060805,Cajamarca,Huabal,true,Jaen
060801,Cajamarca,Jaen,true,Jaen
060806,Cajamarca,Las Pirias,true,Jaen
060807,Cajamarca,Pomahuaca,true,Jaen
060808,Cajamarca,Pucara,true,Jaen
060809,Cajamarca,Sallique,true,Jaen
060810,Cajamarca,San Felipe,true,Jaen
060811,Cajamarca,San Jose del Alto,true,Jaen
060812,Cajamarca,Santa Rosa,true,Jaen
060902,Cajamarca,Chirinos,true,San Ignacio
060903,Cajamarca,Huarango,true,San Ignacio
060904,Cajamarca,La Coipa,true,San Ignacio
060905,Cajamarca,Namballe,true,San Ignacio
060901,Cajamarca,San Ignacio,true,San Ignacio
060906,Cajamarca,San Jose de Lourdes,true,San Ignacio
060907,Cajamarca,Tabaconas,true,San Ignacio
061002,Cajamarca,Chancay,true,San Marcos
061003,Cajamarca,Eduardo Villanueva,true,San Marcos
061004,Cajamarca,Gregorio Pita,true,San Marcos
061005,Cajamarca,Ichocan,true,San Marcos
061006,Cajamarca,Jose Manuel Quiroz,true,San Marcos
061007,Cajamarca,Jose Sabogal,true,San Marcos
061001,Cajamarca,Pedro Galvez,true,San Marcos
061102,Cajamarca,Bolivar,true,San Miguel
061103,Cajamarca,Calquis,true,San Miguel
061104,Cajamarca,Catilluc,true,San Miguel
061105,Cajamarca,El Prado,true,San Miguel
061106,Cajamarca,La Florida,true,San Miguel
061107,Cajamarca,Llapa,true,San Miguel
061108,Cajamarca,Nanchoc,true,San Miguel
061109,Cajamarca,Niepos,true,San Miguel
061110,Cajamarca,San Gregorio,true,San Miguel
061101,Cajamarca,San Miguel,true,San Miguel
061111,Cajamarca,San Silvestre de Cochan,true,San Miguel
061112,Cajamarca,Tongod,true,San Miguel
061113,Cajamarca,Union Agua Blanca,true,San Miguel
061202,Cajamarca,San Bernardino,true,San Pablo
061203,Cajamarca,San Luis,true,San Pablo
061201,Cajamarca,San Pablo,true,San Pablo
061204,Cajamarca,Tumbaden,true,San Pablo
061302,Cajamarca,Andabamba,true,Santa Cruz
061303,Cajamarca,Catache,true,Santa Cruz
061304,Cajamarca,Chancaybaños,true,Santa Cruz
061305,Cajamarca,La Esperanza,true,Santa Cruz
061306,Cajamarca,Ninabamba,true,Santa Cruz
061307,Cajamarca,Pulan,true,Santa Cruz
061301,Cajamarca,Santa Cruz,true,Santa Cruz
061308,Cajamarca,Saucepampa,true,Santa Cruz
061309,Cajamarca,Sexi,true,Santa Cruz
061310,Cajamarca,Uticyacu,true,Santa Cruz
061311,Cajamarca,Yauyucan,true,Santa Cruz
070102,Callao,Bellavista,true,Callao
070101,Callao,Callao,true,Callao
070103,Callao,Carmen de La Legua,true,Callao
070104,Callao,La Perla,true,Callao
070105,Callao,La Punta,true,Callao
070107,Callao,Mi Peru,true,Callao
070106,Callao,Ventanilla,true,Callao
080201,Cusco,Acomayo,true,Acomayo
080202,Cusco,Acopia,true,Acomayo
080203,Cusco,Acos,true,Acomayo
080204,Cusco,Mosoc Llacta,true,Acomayo
080205,Cusco,Pomacanchi,true,Acomayo
080206,Cusco,Rondocan,true,Acomayo
080207,Cusco,Sangarara,true,Acomayo
080302,Cusco,Ancahuasi,true,Anta
080301,Cusco,Anta,true,Anta
080303,Cusco,Cachimayo,true,Anta
080304,Cusco,Chinchaypujio,true,Anta
080305,Cusco,Huarocondo,true,Anta
080306,Cusco,Limatambo,true,Anta
080307,Cusco,Mollepata,true,Anta
080308,Cusco,Pucyura,true,Anta
080309,Cusco,Zurite,true,Anta
080401,Cusco,Calca,true,Calca
080402,Cusco,Coya,true,Calca
080403,Cusco,Lamay,true,Calca
080404,Cusco,Lares,true,Calca
080405,Cusco,Pisac,true,Calca
080406,Cusco,San Salvador,true,Calca
080407,Cusco,Taray,true,Calca
080408,Cusco,Yanatile,true,Calca
080502,Cusco,Checca,true,Canas
080503,Cusco,Kunturkanki,true,Canas
080504,Cusco,Langui,true,Canas
080505,Cusco,Layo,true,Canas
080506,Cusco,Pampamarca,true,Canas
080507,Cusco,Quehue,true,Canas
080508,Cusco,Tupac Amaru,true,Canas
080501,Cusco,Yanaoca,true,Canas
080602,Cusco,Checacupe,true,Canchis
080603,Cusco,Combapata,true,Canchis
080604,Cusco,Marangani,true,Canchis
080605,Cusco,Pitumarca,true,Canchis
080606,Cusco,San Pablo,true,Canchis
080607,Cusco,San Pedro,true,Canchis
080601,Cusco,Sicuani,true,Canchis
080608,Cusco,Tinta,true,Canchis
080702,Cusco,Capacmarca,true,Chumbivilcas
080703,Cusco,Chamaca,true,Chumbivilcas
080704,Cusco,Colquemarca,true,Chumbivilcas
080705,Cusco,Livitaca,true,Chumbivilcas
080706,Cusco,Llusco,true,Chumbivilcas
080707,Cusco,Quiñota,true,Chumbivilcas
080701,Cusco,Santo Tomas,true,Chumbivilcas
080708,Cusco,Velille,true,Chumbivilcas
080102,Cusco,Ccorca,true,Cusco
080101,Cusco,Cusco,true,Cusco
080103,Cusco,Poroy,true,Cusco
080104,Cusco,San Jeronimo,true,Cusco
080105,Cusco,San Sebastian,true,Cusco
080106,Cusco,Santiago,true,Cusco
080107,Cusco,Saylla,true,Cusco
080108,Cusco,Wanchaq,true,Cusco
080808,Cusco,Alto Pichigua,true,Espinar
080802,Cusco,Condoroma,true,Espinar
080803,Cusco,Coporaque,true,Espinar
080801,Cusco,Espinar,true,Espinar
080804,Cusco,Ocoruro,true,Espinar
080805,Cusco,Pallpata,true,Espinar
080806,Cusco,Pichigua,true,Espinar
080807,Cusco,Suyckutambo,true,Espinar
080902,Cusco,Echarate,true,La Convencion
080903,Cusco,Huayopata,true,La Convencion
080911,Cusco,Inkawasi,true,La Convencion
080907,Cusco,Kimbiri,true,La Convencion
080904,Cusco,Maranura,true,La Convencion
080914,Cusco,Megantoni,true,La Convencion
080905,Cusco,Ocobamba,true,La Convencion
080910,Cusco,Pichari,true,La Convencion
080906,Cusco,Quellouno,true,La Convencion
080901,Cusco,Santa Ana,true,La Convencion
080908,Cusco,Santa Teresa,true,La Convencion
080909,Cusco,Vilcabamba,true,La Convencion
080913,Cusco,Villa Kintiarina,true,La Convencion
080912,Cusco,Villa Virgen,true,La Convencion
081002,Cusco,Accha,true,Paruro
081003,Cusco,Ccapi,true,Paruro
081004,Cusco,Colcha,true,Paruro
081005,Cusco,Huanoquite,true,Paruro
081006,Cusco,Omacha,true,Paruro
081007,Cusco,Paccaritambo,true,Paruro
081001,Cusco,Paruro,true,Paruro
081008,Cusco,Pillpinto,true,Paruro
081009,Cusco,Yaurisque,true,Paruro
081102,Cusco,Caicay,true,Paucartambo
081103,Cusco,Challabamba,true,Paucartambo
081104,Cusco,Colquepata,true,Paucartambo
081105,Cusco,Huancarani,true,Paucartambo
081106,Cusco,Kosñipata,true,Paucartambo
081101,Cusco,Paucartambo,true,Paucartambo
081202,Cusco,Andahuaylillas,true,Quispicanchi
081203,Cusco,Camanti,true,Quispicanchi
081204,Cusco,Ccarhuayo,true,Quispicanchi
081205,Cusco,Ccatca,true,Quispicanchi
081206,Cusco,Cusipata,true,Quispicanchi
081207,Cusco,Huaro,true,Quispicanchi
081208,Cusco,Lucre,true,Quispicanchi
081209,Cusco,Marcapata,true,Quispicanchi
081210,Cusco,Ocongate,true,Quispicanchi
081211,Cusco,Oropesa,true,Quispicanchi
081212,Cusco,Quiquijana,true,Quispicanchi
081201,Cusco,Urcos,true,Quispicanchi
081302,Cusco,Chinchero,true,Urubamba
081303,Cusco,Huayllabamba,true,Urubamba
081304,Cusco,Machupicchu,true,Urubamba
081305,Cusco,Maras,true,Urubamba
081306,Cusco,Ollantaytambo,true,Urubamba
081301,Cusco,Urubamba,true,Urubamba
081307,Cusco,Yucay,true,Urubamba
090201,Huancavelica,Acobamba,true,Acobamba
090202,Huancavelica,Andabamba,true,Acobamba
090203,Huancavelica,Anta,true,Acobamba
090204,Huancavelica,Caja,true,Acobamba
090205,Huancavelica,Marcas,true,Acobamba
090206,Huancavelica,Paucara,true,Acobamba
090207,Huancavelica,Pomacocha,true,Acobamba
090208,Huancavelica,Rosario,true,Acobamba
090302,Huancavelica,Anchonga,true,Angaraes
090303,Huancavelica,Callanmarca,true,Angaraes
090304,Huancavelica,Ccochaccasa,true,Angaraes
090305,Huancavelica,Chincho,true,Angaraes
090306,Huancavelica,Congalla,true,Angaraes
090307,Huancavelica,Huanca-Huanca,true,Angaraes
090308,Huancavelica,Huayllay Grande,true,Angaraes
090309,Huancavelica,Julcamarca,true,Angaraes
090301,Huancavelica,Lircay,true,Angaraes
090310,Huancavelica,San Antonio de Antaparco,true,Angaraes
090311,Huancavelica,Santo Tomas de Pata,true,Angaraes
090312,Huancavelica,Secclla,true,Angaraes
090402,Huancavelica,Arma,true,Castrovirreyna
090403,Huancavelica,Aurahua,true,Castrovirreyna
090404,Huancavelica,Capillas,true,Castrovirreyna
090401,Huancavelica,Castrovirreyna,true,Castrovirreyna
090405,Huancavelica,Chupamarca,true,Castrovirreyna
090406,Huancavelica,Cocas,true,Castrovirreyna
090407,Huancavelica,Huachos,true,Castrovirreyna
090408,Huancavelica,Huamatambo,true,Castrovirreyna
090409,Huancavelica,Mollepampa,true,Castrovirreyna
090410,Huancavelica,San Juan,true,Castrovirreyna
090411,Huancavelica,Santa Ana,true,Castrovirreyna
090412,Huancavelica,Tantara,true,Castrovirreyna
090413,Huancavelica,Ticrapo,true,Castrovirreyna
090502,Huancavelica,Anco,true,Churcampa
090503,Huancavelica,Chinchihuasi,true,Churcampa
090501,Huancavelica,Churcampa,true,Churcampa
090511,Huancavelica,Cosme,true,Churcampa
090504,Huancavelica,El Carmen,true,Churcampa
090505,Huancavelica,La Merced,true,Churcampa
090506,Huancavelica,Locroja,true,Churcampa
090510,Huancavelica,Pachamarca,true,Churcampa
090507,Huancavelica,Paucarbamba,true,Churcampa
090508,Huancavelica,San Miguel de Mayocc,true,Churcampa
090509,Huancavelica,San Pedro de Coris,true,Churcampa
090102,Huancavelica,Acobambilla,true,Huancavelica
090103,Huancavelica,Acoria,true,Huancavelica
090118,Huancavelica,Ascension,true,Huancavelica
090104,Huancavelica,Conayca,true,Huancavelica
090105,Huancavelica,Cuenca,true,Huancavelica
090106,Huancavelica,Huachocolpa,true,Huancavelica
090101,Huancavelica,Huancavelica,true,Huancavelica
090119,Huancavelica,Huando,true,Huancavelica
090107,Huancavelica,Huayllahuara,true,Huancavelica
090108,Huancavelica,Izcuchaca,true,Huancavelica
090109,Huancavelica,Laria,true,Huancavelica
090110,Huancavelica,Manta,true,Huancavelica
090111,Huancavelica,Mariscal Caceres,true,Huancavelica
090112,Huancavelica,Moya,true,Huancavelica
090113,Huancavelica,Nuevo Occoro,true,Huancavelica
090114,Huancavelica,Palca,true,Huancavelica
090115,Huancavelica,Pilchaca,true,Huancavelica
090116,Huancavelica,Vilca,true,Huancavelica
090117,Huancavelica,Yauli,true,Huancavelica
090602,Huancavelica,Ayavi,true,Huaytara
090603,Huancavelica,Cordova,true,Huaytara
090604,Huancavelica,Huayacundo Arma,true,Huaytara
090601,Huancavelica,Huaytara,true,Huaytara
090605,Huancavelica,Laramarca,true,Huaytara
090606,Huancavelica,Ocoyo,true,Huaytara
090607,Huancavelica,Pilpichaca,true,Huaytara
090608,Huancavelica,Querco,true,Huaytara
090609,Huancavelica,Quito-Arma,true,Huaytara
090610,Huancavelica,San Antonio de Cusicancha,true,Huaytara
090611,Huancavelica,San Francisco de Sangayaico,true,Huaytara
090612,Huancavelica,San Isidro,true,Huaytara
090613,Huancavelica,Santiago de Chocorvos,true,Huaytara
090614,Huancavelica,Santiago de Quirahuara,true,Huaytara
090615,Huancavelica,Santo Domingo de Capillas,true,Huaytara
090616,Huancavelica,Tambo,true,Huaytara
090702,Huancavelica,Acostambo,true,Tayacaja
090703,Huancavelica,Acraquia,true,Tayacaja
090704,Huancavelica,Ahuaycha,true,Tayacaja
090720,Huancavelica,Andaymarca,true,Tayacaja
090705,Huancavelica,Colcabamba,true,Tayacaja
090706,Huancavelica,Daniel Hernandez,true,Tayacaja
090707,Huancavelica,Huachocolpa,true,Tayacaja
090709,Huancavelica,Huaribamba,true,Tayacaja
090710,Huancavelica,Ñahuimpuquio,true,Tayacaja
090701,Huancavelica,Pampas,true,Tayacaja
090711,Huancavelica,Pazos,true,Tayacaja
090722,Huancavelica,Pichos,true,Tayacaja
090719,Huancavelica,Quichuas,true,Tayacaja
090713,Huancavelica,Quishuar,true,Tayacaja
090721,Huancavelica,Roble,true,Tayacaja
090714,Huancavelica,Salcabamba,true,Tayacaja
090715,Huancavelica,Salcahuasi,true,Tayacaja
090716,Huancavelica,San Marcos de Rocchac,true,Tayacaja
090723,Huancavelica,Santiago de Túcuma,true,Tayacaja
090717,Huancavelica,Surcubamba,true,Tayacaja
090718,Huancavelica,Tintay Puncu,true,Tayacaja
100201,Huanuco,Ambo,true,Ambo
100202,Huanuco,Cayna,true,Ambo
100203,Huanuco,Colpas,true,Ambo
100204,Huanuco,Conchamarca,true,Ambo
100205,Huanuco,Huacar,true,Ambo
100206,Huanuco,San Francisco,true,Ambo
100207,Huanuco,San Rafael,true,Ambo
100208,Huanuco,Tomay Kichwa,true,Ambo
100307,Huanuco,Chuquis,true,Dos de Mayo
100301,Huanuco,La Union,true,Dos de Mayo
100311,Huanuco,Marias,true,Dos de Mayo
100313,Huanuco,Pachas,true,Dos de Mayo
100316,Huanuco,Quivilla,true,Dos de Mayo
100317,Huanuco,Ripan,true,Dos de Mayo
100321,Huanuco,Shunqui,true,Dos de Mayo
100322,Huanuco,Sillapata,true,Dos de Mayo
100323,Huanuco,Yanas,true,Dos de Mayo
100402,Huanuco,Canchabamba,true,Huacaybamba
100403,Huanuco,Cochabamba,true,Huacaybamba
100401,Huanuco,Huacaybamba,true,Huacaybamba
100404,Huanuco,Pinra,true,Huacaybamba
100502,Huanuco,Arancay,true,Huamalies
100503,Huanuco,Chavin de Pariarca,true,Huamalies
100504,Huanuco,Jacas Grande,true,Huamalies
100505,Huanuco,Jircan,true,Huamalies
100501,Huanuco,Llata,true,Huamalies
100506,Huanuco,Miraflores,true,Huamalies
100507,Huanuco,Monzon,true,Huamalies
100508,Huanuco,Punchao,true,Huamalies
100509,Huanuco,Puños,true,Huamalies
100510,Huanuco,Singa,true,Huamalies
100511,Huanuco,Tantamayo,true,Huamalies
100102,Huanuco,Amarilis,true,Huanuco
100103,Huanuco,Chinchao,true,Huanuco
100104,Huanuco,Churubamba,true,Huanuco
100101,Huanuco,Huanuco,true,Huanuco
100105,Huanuco,Margos,true,Huanuco
100111,Huanuco,Pillco Marca,true,Huanuco
100106,Huanuco,Quisqui,true,Huanuco
100107,Huanuco,San Francisco de Cayran,true,Huanuco
100113,Huanuco,San Pablo de Pillao,true,Huanuco
100108,Huanuco,San Pedro de Chaulan,true,Huanuco
100109,Huanuco,Santa Maria del Valle,true,Huanuco
100112,Huanuco,Yacus,true,Huanuco
100110,Huanuco,Yarumayo,true,Huanuco
101002,Huanuco,Baños,true,Lauricocha
101001,Huanuco,Jesus,true,Lauricocha
101003,Huanuco,Jivia,true,Lauricocha
101004,Huanuco,Queropalca,true,Lauricocha
101005,Huanuco,Rondos,true,Lauricocha
101006,Huanuco,San Francisco de Asis,true,Lauricocha
101007,Huanuco,San Miguel de Cauri,true,Lauricocha
100608,Huanuco,Castillo Grande,true,Leoncio Prado
100602,Huanuco,Daniel Alomias Robles,true,Leoncio Prado
100603,Huanuco,Hermilio Valdizan,true,Leoncio Prado
100604,Huanuco,Jose Crespo y Castillo,true,Leoncio Prado
100605,Huanuco,Luyando,true,Leoncio Prado
100606,Huanuco,Mariano Damaso Beraun,true,Leoncio Prado
100607,Huanuco,Pucayacu,true,Leoncio Prado
100609,Huanuco,Pueblo Nuevo,true,Leoncio Prado
100601,Huanuco,Rupa-Rupa,true,Leoncio Prado
100610,Huanuco,Santo Domingo de Anda,true,Leoncio Prado
100702,Huanuco,Cholon,true,Marañon
100701,Huanuco,Huacrachuco,true,Marañon
100704,Huanuco,La Morada,true,Marañon
100703,Huanuco,San Buenaventura,true,Marañon
100705,Huanuco,Santa Rosa de Alto Yanajanca,true,Marañon
100802,Huanuco,Chaglla,true,Pachitea
100803,Huanuco,Molino,true,Pachitea
100801,Huanuco,Panao,true,Pachitea
100804,Huanuco,Umari,true,Pachitea
100902,Huanuco,Codo del Pozuzo,true,Puerto Inca
100903,Huanuco,Honoria,true,Puerto Inca
100901,Huanuco,Puerto Inca,true,Puerto Inca
100904,Huanuco,Tournavista,true,Puerto Inca
100905,Huanuco,Yuyapichis,true,Puerto Inca
101104,Huanuco,Aparicio Pomares,true,Yarowilca
101102,Huanuco,Cahuac,true,Yarowilca
101103,Huanuco,Chacabamba,true,Yarowilca
101101,Huanuco,Chavinillo,true,Yarowilca
101108,Huanuco,Choras,true,Yarowilca
101105,Huanuco,Jacas Chico,true,Yarowilca
101106,Huanuco,Obas,true,Yarowilca
101107,Huanuco,Pampamarca,true,Yarowilca
110202,Ica,Alto Laran,true,Chincha
110203,Ica,Chavin,true,Chincha
110201,Ica,Chincha Alta,true,Chincha
110204,Ica,Chincha Baja,true,Chincha
110205,Ica,El Carmen,true,Chincha
110206,Ica,Grocio Prado,true,Chincha
110207,Ica,Pueblo Nuevo,true,Chincha
110208,Ica,San Juan de Yanac,true,Chincha
110209,Ica,San Pedro de Huacarpana,true,Chincha
110210,Ica,Sunampe,true,Chincha
110211,Ica,Tambo de Mora,true,Chincha
110101,Ica,Ica,true,Ica
110102,Ica,La Tinguiña,true,Ica
110103,Ica,Los Aquijes,true,Ica
110104,Ica,Ocucaje,true,Ica
110105,Ica,Pachacutec,true,Ica
110106,Ica,Parcona,true,Ica
110107,Ica,Pueblo Nuevo,true,Ica
110108,Ica,Salas,true,Ica
110109,Ica,San Jose de los Molinos,true,Ica
110110,Ica,San Juan Bautista,true,Ica
110111,Ica,Santiago,true,Ica
110112,Ica,Subtanjalla,true,Ica
110113,Ica,Tate,true,Ica
110114,Ica,Yauca del Rosario,true,Ica
110302,Ica,Changuillo,true,Nazca
110303,Ica,El Ingenio,true,Nazca
110304,Ica,Marcona,true,Nazca
110301,Ica,Nazca,true,Nazca
110305,Ica,Vista Alegre,true,Nazca
110402,Ica,Llipata,true,Palpa
110401,Ica,Palpa,true,Palpa
110403,Ica,Rio Grande,true,Palpa
110404,Ica,Santa Cruz,true,Palpa
110405,Ica,Tibillo,true,Palpa
110502,Ica,Huancano,true,Pisco
110503,Ica,Humay,true,Pisco
110504,Ica,Independencia,true,Pisco
110505,Ica,Paracas,true,Pisco
110501,Ica,Pisco,true,Pisco
110506,Ica,San Andres,true,Pisco
110507,Ica,San Clemente,true,Pisco
110508,Ica,Tupac Amaru Inca,true,Pisco
120301,Junin,Chanchamayo,true,Chanchamayo
120302,Junin,Perene,true,Chanchamayo
120303,Junin,Pichanaqui,true,Chanchamayo
120304,Junin,San Luis de Shuaro,true,Chanchamayo
120305,Junin,San Ramon,true,Chanchamayo
120306,Junin,Vitoc,true,Chanchamayo
120902,Junin,Ahuac,true,Chupaca
120903,Junin,Chongos Bajo,true,Chupaca
120901,Junin,Chupaca,true,Chupaca
120904,Junin,Huachac,true,Chupaca
120905,Junin,Huamancaca Chico,true,Chupaca
120907,Junin,San Juan de Jarpa,true,Chupaca
120906,Junin,San Juan de Yscos,true,Chupaca
120908,Junin,Tres de Diciembre,true,Chupaca
120909,Junin,Yanacancha,true,Chupaca
120202,Junin,Aco,true,Concepcion
120203,Junin,Andamarca,true,Concepcion
120204,Junin,Chambara,true,Concepcion
120205,Junin,Cochas,true,Concepcion
120206,Junin,Comas,true,Concepcion
120201,Junin,Concepcion,true,Concepcion
120207,Junin,Heroinas Toledo,true,Concepcion
120208,Junin,Manzanares,true,Concepcion
120209,Junin,Mariscal Castilla,true,Concepcion
120210,Junin,Matahuasi,true,Concepcion
120211,Junin,Mito,true,Concepcion
120212,Junin,Nueve de Julio,true,Concepcion
120213,Junin,Orcotuna,true,Concepcion
120214,Junin,San Jose de Quero,true,Concepcion
120215,Junin,Santa Rosa de Ocopa,true,Concepcion
120104,Junin,Carhuacallanga,true,Huancayo
120105,Junin,Chacapampa,true,Huancayo
120106,Junin,Chicche,true,Huancayo
120107,Junin,Chilca,true,Huancayo
120108,Junin,Chongos Alto,true,Huancayo
120111,Junin,Chupuro,true,Huancayo
120112,Junin,Colca,true,Huancayo
120113,Junin,Cullhuas,true,Huancayo
120114,Junin,El Tambo,true,Huancayo
120116,Junin,Huacrapuquio,true,Huancayo
120117,Junin,Hualhuas,true,Huancayo
120119,Junin,Huancan,true,Huancayo
120101,Junin,Huancayo,true,Huancayo
120120,Junin,Huasicancha,true,Huancayo
120121,Junin,Huayucachi,true,Huancayo
120122,Junin,Ingenio,true,Huancayo
120124,Junin,Pariahuanca,true,Huancayo
120125,Junin,Pilcomayo,true,Huancayo
120126,Junin,Pucara,true,Huancayo
120127,Junin,Quichuay,true,Huancayo
120128,Junin,Quilcas,true,Huancayo
120129,Junin,San Agustin,true,Huancayo
120130,Junin,San Jeronimo de Tunan,true,Huancayo
120135,Junin,Santo Domingo de Acobamba,true,Huancayo
120132,Junin,Saño,true,Huancayo
120133,Junin,Sapallanga,true,Huancayo
120134,Junin,Sicaya,true,Huancayo
120136,Junin,Viques,true,Huancayo
120402,Junin,Acolla,true,Jauja
120403,Junin,Apata,true,Jauja
120404,Junin,Ataura,true,Jauja
120405,Junin,Canchayllo,true,Jauja
120406,Junin,Curicaca,true,Jauja
120407,Junin,El Mantaro,true,Jauja
120408,Junin,Huamali,true,Jauja
120409,Junin,Huaripampa,true,Jauja
120410,Junin,Huertas,true,Jauja
120411,Junin,Janjaillo,true,Jauja
120401,Junin,Jauja,true,Jauja
120412,Junin,Julcan,true,Jauja
120413,Junin,Leonor Ordoñez,true,Jauja
120414,Junin,Llocllapampa,true,Jauja
120415,Junin,Marco,true,Jauja
120416,Junin,Masma,true,Jauja
120417,Junin,Masma Chicche,true,Jauja
120418,Junin,Molinos,true,Jauja
120419,Junin,Monobamba,true,Jauja
120420,Junin,Muqui,true,Jauja
120421,Junin,Muquiyauyo,true,Jauja
120422,Junin,Paca,true,Jauja
120423,Junin,Paccha,true,Jauja
120424,Junin,Pancan,true,Jauja
120425,Junin,Parco,true,Jauja
120426,Junin,Pomacancha,true,Jauja
120427,Junin,Ricran,true,Jauja
120428,Junin,San Lorenzo,true,Jauja
120429,Junin,San Pedro de Chunan,true,Jauja
120430,Junin,Sausa,true,Jauja
120431,Junin,Sincos,true,Jauja
120432,Junin,Tunan Marca,true,Jauja
120433,Junin,Yauli,true,Jauja
120434,Junin,Yauyos,true,Jauja
120502,Junin,Carhuamayo,true,Junin
120501,Junin,Junin,true,Junin
120503,Junin,Ondores,true,Junin
120504,Junin,Ulcumayo,true,Junin
120602,Junin,Coviriali,true,Satipo
120603,Junin,Llaylla,true,Satipo
120604,Junin,Mazamari,true,Satipo
120605,Junin,Pampa Hermosa,true,Satipo
120606,Junin,Pangoa,true,Satipo
120607,Junin,Rio Negro,true,Satipo
120608,Junin,Rio Tambo,true,Satipo
120601,Junin,Satipo,true,Satipo
120609,Junin,Vizcatán del Ene,true,Satipo
120702,Junin,Acobamba,true,Tarma
120703,Junin,Huaricolca,true,Tarma
120704,Junin,Huasahuasi,true,Tarma
120705,Junin,La Union,true,Tarma
120706,Junin,Palca,true,Tarma
120707,Junin,Palcamayo,true,Tarma
120708,Junin,San Pedro de Cajas,true,Tarma
120709,Junin,Tapo,true,Tarma
120701,Junin,Tarma,true,Tarma
120802,Junin,Chacapalpa,true,Yauli
120803,Junin,Huay-Huay,true,Yauli
120801,Junin,La Oroya,true,Yauli
120804,Junin,Marcapomacocha,true,Yauli
120805,Junin,Morococha,true,Yauli
120806,Junin,Paccha,true,Yauli
120807,Junin,Santa Barbara de Carhuacayan,true,Yauli
120808,Junin,Santa Rosa de Sacco,true,Yauli
120809,Junin,Suitucancha,true,Yauli
120810,Junin,Yauli,true,Yauli
130201,La Libertad,Ascope,true,Ascope
130208,La Libertad,Casa Grande,true,Ascope
130202,La Libertad,Chicama,true,Ascope
130203,La Libertad,Chocope,true,Ascope
130204,La Libertad,Magdalena de Cao,true,Ascope
130205,La Libertad,Paijan,true,Ascope
130206,La Libertad,Razuri,true,Ascope
130207,La Libertad,Santiago de Cao,true,Ascope
130302,La Libertad,Bambamarca,true,Bolivar
130301,La Libertad,Bolivar,true,Bolivar
130303,La Libertad,Condormarca,true,Bolivar
130304,La Libertad,Longotea,true,Bolivar
130305,La Libertad,Uchumarca,true,Bolivar
130306,La Libertad,Ucuncha,true,Bolivar
130401,La Libertad,Chepen,true,Chepen
130402,La Libertad,Pacanga,true,Chepen
130403,La Libertad,Pueblo Nuevo,true,Chepen
131101,La Libertad,Cascas,true,Gran Chimu
131103,La Libertad,Compin,true,Gran Chimu
131102,La Libertad,Lucma,true,Gran Chimu
131104,La Libertad,Sayapullo,true,Gran Chimu
130502,La Libertad,Calamarca,true,Julcan
130503,La Libertad,Carabamba,true,Julcan
130504,La Libertad,Huaso,true,Julcan
130501,La Libertad,Julcan,true,Julcan
130602,La Libertad,Agallpampa,true,Otuzco
130604,La Libertad,Charat,true,Otuzco
130605,La Libertad,Huaranchal,true,Otuzco
130606,La Libertad,La Cuesta,true,Otuzco
130608,La Libertad,Mache,true,Otuzco
130601,La Libertad,Otuzco,true,Otuzco
130610,La Libertad,Paranday,true,Otuzco
130611,La Libertad,Salpo,true,Otuzco
130613,La Libertad,Sinsicap,true,Otuzco
130614,La Libertad,Usquil,true,Otuzco
130702,La Libertad,Guadalupe,true,Pacasmayo
130703,La Libertad,Jequetepeque,true,Pacasmayo
130704,La Libertad,Pacasmayo,true,Pacasmayo
130705,La Libertad,San Jose,true,Pacasmayo
130701,La Libertad,San Pedro de Lloc,true,Pacasmayo
130802,La Libertad,Buldibuyo,true,Pataz
130803,La Libertad,Chillia,true,Pataz
130804,La Libertad,Huancaspata,true,Pataz
130805,La Libertad,Huaylillas,true,Pataz
130806,La Libertad,Huayo,true,Pataz
130807,La Libertad,Ongon,true,Pataz
130808,La Libertad,Parcoy,true,Pataz
130809,La Libertad,Pataz,true,Pataz
130810,La Libertad,Pias,true,Pataz
130811,La Libertad,Santiago de Challas,true,Pataz
130812,La Libertad,Taurija,true,Pataz
130801,La Libertad,Tayabamba,true,Pataz
130813,La Libertad,Urpay,true,Pataz
130902,La Libertad,Chugay,true,Sanchez Carrion
130903,La Libertad,Cochorco,true,Sanchez Carrion
130904,La Libertad,Curgos,true,Sanchez Carrion
130901,La Libertad,Huamachuco,true,Sanchez Carrion
130905,La Libertad,Marcabal,true,Sanchez Carrion
130906,La Libertad,Sanagoran,true,Sanchez Carrion
130907,La Libertad,Sarin,true,Sanchez Carrion
130908,La Libertad,Sartimbamba,true,Sanchez Carrion
131002,La Libertad,Angasmarca,true,Santiago de Chuco
131003,La Libertad,Cachicadan,true,Santiago de Chuco
131004,La Libertad,Mollebamba,true,Santiago de Chuco
131005,La Libertad,Mollepata,true,Santiago de Chuco
131006,La Libertad,Quiruvilca,true,Santiago de Chuco
131007,La Libertad,Santa Cruz de Chuca,true,Santiago de Chuco
131001,La Libertad,Santiago de Chuco,true,Santiago de Chuco
131008,La Libertad,Sitabamba,true,Santiago de Chuco
130102,La Libertad,El Porvenir,true,Trujillo
130103,La Libertad,Florencia de Mora,true,Trujillo
130104,La Libertad,Huanchaco,true,Trujillo
130105,La Libertad,La Esperanza,true,Trujillo
130106,La Libertad,Laredo,true,Trujillo
130107,La Libertad,Moche,true,Trujillo
130108,La Libertad,Poroto,true,Trujillo
130109,La Libertad,Salaverry,true,Trujillo
130110,La Libertad,Simbal,true,Trujillo
130101,La Libertad,Trujillo,true,Trujillo
130111,La Libertad,Victor Larco Herrera,true,Trujillo
131202,La Libertad,Chao,true,Viru
131203,La Libertad,Guadalupito,true,Viru
131201,La Libertad,Viru,true,Viru
140116,Lambayeque,Cayalti,true,Chiclayo
140101,Lambayeque,Chiclayo,true,Chiclayo
140102,Lambayeque,Chongoyape,true,Chiclayo
140103,Lambayeque,Eten,true,Chiclayo
140104,Lambayeque,Eten Puerto,true,Chiclayo
140105,Lambayeque,Jose Leonardo Ortiz,true,Chiclayo
140106,Lambayeque,La Victoria,true,Chiclayo
140107,Lambayeque,Lagunas,true,Chiclayo
140108,Lambayeque,Monsefu,true,Chiclayo
140109,Lambayeque,Nueva Arica,true,Chiclayo
140110,Lambayeque,Oyotun,true,Chiclayo
140117,Lambayeque,Patapo,true,Chiclayo
140111,Lambayeque,Picsi,true,Chiclayo
140112,Lambayeque,Pimentel,true,Chiclayo
140118,Lambayeque,Pomalca,true,Chiclayo
140119,Lambayeque,Pucala,true,Chiclayo
140113,Lambayeque,Reque,true,Chiclayo
140114,Lambayeque,Santa Rosa,true,Chiclayo
140115,Lambayeque,Saña,true,Chiclayo
140120,Lambayeque,Tuman,true,Chiclayo
140202,Lambayeque,Cañaris,true,Ferreñafe
140201,Lambayeque,Ferreñafe,true,Ferreñafe
140203,Lambayeque,Incahuasi,true,Ferreñafe
140204,Lambayeque,Manuel Antonio Mesones Muro,true,Ferreñafe
140205,Lambayeque,Pitipo,true,Ferreñafe
140206,Lambayeque,Pueblo Nuevo,true,Ferreñafe
140302,Lambayeque,Chochope,true,Lambayeque
140303,Lambayeque,Illimo,true,Lambayeque
140304,Lambayeque,Jayanca,true,Lambayeque
140301,Lambayeque,Lambayeque,true,Lambayeque
140305,Lambayeque,Mochumi,true,Lambayeque
140306,Lambayeque,Morrope,true,Lambayeque
140307,Lambayeque,Motupe,true,Lambayeque
140308,Lambayeque,Olmos,true,Lambayeque
140309,Lambayeque,Pacora,true,Lambayeque
140310,Lambayeque,Salas,true,Lambayeque
140311,Lambayeque,San Jose,true,Lambayeque
140312,Lambayeque,Tucume,true,Lambayeque
150201,Lima,Barranca,true,Barranca
150202,Lima,Paramonga,true,Barranca
150203,Lima,Pativilca,true,Barranca
150204,Lima,Supe,true,Barranca
150205,Lima,Supe Puerto,true,Barranca
150301,Lima,Cajatambo,true,Cajatambo
150302,Lima,Copa,true,Cajatambo
150303,Lima,Gorgor,true,Cajatambo
150304,Lima,Huancapon,true,Cajatambo
150305,Lima,Manas,true,Cajatambo
150402,Lima,Arahuay,true,Canta
150401,Lima,Canta,true,Canta
150403,Lima,Huamantanga,true,Canta
150404,Lima,Huaros,true,Canta
150405,Lima,Lachaqui,true,Canta
150406,Lima,San Buenaventura,true,Canta
150407,Lima,Santa Rosa de Quives,true,Canta
150502,Lima,Asia,true,Cañete
150503,Lima,Calango,true,Cañete
150504,Lima,Cerro Azul,true,Cañete
150505,Lima,Chilca,true,Cañete
150506,Lima,Coayllo,true,Cañete
150507,Lima,Imperial,true,Cañete
150508,Lima,Lunahuana,true,Cañete
150509,Lima,Mala,true,Cañete
150510,Lima,Nuevo Imperial,true,Cañete
150511,Lima,Pacaran,true,Cañete
150512,Lima,Quilmana,true,Cañete
150513,Lima,San Antonio,true,Cañete
150514,Lima,San Luis,true,Cañete
150501,Lima,San Vicente de Cañete,true,Cañete
150515,Lima,Santa Cruz de Flores,true,Cañete
150516,Lima,Zuñiga,true,Cañete
150602,Lima,Atavillos Alto,true,Huaral
150603,Lima,Atavillos Bajo,true,Huaral
150604,Lima,Aucallama,true,Huaral
150605,Lima,Chancay,true,Huaral
150601,Lima,Huaral,true,Huaral
150606,Lima,Ihuari,true,Huaral
150607,Lima,Lampian,true,Huaral
150608,Lima,Pacaraos,true,Huaral
150609,Lima,San Miguel de Acos,true,Huaral
150610,Lima,Santa Cruz de Andamarca,true,Huaral
150611,Lima,Sumbilca,true,Huaral
150612,Lima,Veintisiete de Noviembre,true,Huaral
150702,Lima,Antioquia,true,Huarochiri
150703,Lima,Callahuanca,true,Huarochiri
150704,Lima,Carampoma,true,Huarochiri
150705,Lima,Chicla,true,Huarochiri
150706,Lima,Cuenca,true,Huarochiri
150707,Lima,Huachupampa,true,Huarochiri
150708,Lima,Huanza,true,Huarochiri
150709,Lima,Huarochiri,true,Huarochiri
150710,Lima,Lahuaytambo,true,Huarochiri
150711,Lima,Langa,true,Huarochiri
150712,Lima,Laraos,true,Huarochiri
150713,Lima,Mariatana,true,Huarochiri
150701,Lima,Matucana,true,Huarochiri
150714,Lima,Ricardo Palma,true,Huarochiri
150715,Lima,San Andres de Tupicocha,true,Huarochiri
150716,Lima,San Antonio,true,Huarochiri
150717,Lima,San Bartolome,true,Huarochiri
150718,Lima,San Damian,true,Huarochiri
150719,Lima,San Juan de Iris,true,Huarochiri
150720,Lima,San Juan de Tantaranche,true,Huarochiri
150721,Lima,San Lorenzo de Quinti,true,Huarochiri
150722,Lima,San Mateo,true,Huarochiri
150723,Lima,San Mateo de Otao,true,Huarochiri
150724,Lima,San Pedro de Casta,true,Huarochiri
150725,Lima,San Pedro de Huancayre,true,Huarochiri
150726,Lima,Sangallaya,true,Huarochiri
150727,Lima,Santa Cruz de Cocachacra,true,Huarochiri
150728,Lima,Santa Eulalia,true,Huarochiri
150729,Lima,Santiago de Anchucaya,true,Huarochiri
150730,Lima,Santiago de Tuna,true,Huarochiri
150731,Lima,Santo Domingo de los Olleros,true,Huarochiri
150732,Lima,Surco,true,Huarochiri
150802,Lima,Ambar,true,Huaura
150803,Lima,Caleta de Carquin,true,Huaura
150804,Lima,Checras,true,Huaura
150801,Lima,Huacho,true,Huaura
150805,Lima,Hualmay,true,Huaura
150806,Lima,Huaura,true,Huaura
150807,Lima,Leoncio Prado,true,Huaura
150808,Lima,Paccho,true,Huaura
150809,Lima,Santa Leonor,true,Huaura
150810,Lima,Santa Maria,true,Huaura
150811,Lima,Sayan,true,Huaura
150812,Lima,Vegueta,true,Huaura
150102,Lima,Ancon,true,Lima
150103,Lima,Ate,true,Lima
150104,Lima,Barranco,true,Lima
150105,Lima,Breña,true,Lima
150106,Lima,Carabayllo,true,Lima
150107,Lima,Chaclacayo,true,Lima
150108,Lima,Chorrillos,true,Lima
150109,Lima,Cieneguilla,true,Lima
150110,Lima,Comas,true,Lima
150111,Lima,El Agustino,true,Lima
150112,Lima,Independencia,true,Lima
150113,Lima,Jesus Maria,true,Lima
150114,Lima,La Molina,true,Lima
150115,Lima,La Victoria,true,Lima
150101,Lima,Lima,true,Lima
150116,Lima,Lince,true,Lima
150117,Lima,Los Olivos,true,Lima
150118,Lima,Lurigancho,true,Lima
150119,Lima,Lurin,true,Lima
150120,Lima,Magdalena del Mar,true,Lima
150122,Lima,Miraflores,true,Lima
150123,Lima,Pachacamac,true,Lima
150124,Lima,Pucusana,true,Lima
150121,Lima,Pueblo Libre,true,Lima
150125,Lima,Puente Piedra,true,Lima
150126,Lima,Punta Hermosa,true,Lima
150127,Lima,Punta Negra,true,Lima
150128,Lima,Rimac,true,Lima
150129,Lima,San Bartolo,true,Lima
150130,Lima,San Borja,true,Lima
150131,Lima,San Isidro,true,Lima
150132,Lima,San Juan de Lurigancho,true,Lima
150133,Lima,San Juan de Miraflores,true,Lima
150134,Lima,San Luis,true,Lima
150135,Lima,San Martin de Porres,true,Lima
150136,Lima,San Miguel,true,Lima
150137,Lima,Santa Anita,true,Lima
150138,Lima,Santa Maria del Mar,true,Lima
150139,Lima,Santa Rosa,true,Lima
150140,Lima,Santiago de Surco,true,Lima
150141,Lima,Surquillo,true,Lima
150142,Lima,Villa El Salvador,true,Lima
150143,Lima,Villa Maria del Triunfo,true,Lima
150902,Lima,Andajes,true,Oyon
150903,Lima,Caujul,true,Oyon
150904,Lima,Cochamarca,true,Oyon
150905,Lima,Navan,true,Oyon
150901,Lima,Oyon,true,Oyon
150906,Lima,Pachangara,true,Oyon
151002,Lima,Alis,true,Yauyos
151003,Lima,Ayauca,true,Yauyos
151004,Lima,Ayaviri,true,Yauyos
151005,Lima,Azangaro,true,Yauyos
151006,Lima,Cacra,true,Yauyos
151007,Lima,Carania,true,Yauyos
151008,Lima,Catahuasi,true,Yauyos
151009,Lima,Chocos,true,Yauyos
151010,Lima,Cochas,true,Yauyos
151011,Lima,Colonia,true,Yauyos
151012,Lima,Hongos,true,Yauyos
151013,Lima,Huampara,true,Yauyos
151014,Lima,Huancaya,true,Yauyos
151015,Lima,Huangascar,true,Yauyos
151016,Lima,Huantan,true,Yauyos
151017,Lima,Huañec,true,Yauyos
151018,Lima,Laraos,true,Yauyos
151019,Lima,Lincha,true,Yauyos
151020,Lima,Madean,true,Yauyos
151021,Lima,Miraflores,true,Yauyos
151022,Lima,Omas,true,Yauyos
151023,Lima,Putinza,true,Yauyos
151024,Lima,Quinches,true,Yauyos
151025,Lima,Quinocay,true,Yauyos
151026,Lima,San Joaquin,true,Yauyos
151027,Lima,San Pedro de Pilas,true,Yauyos
151028,Lima,Tanta,true,Yauyos
151029,Lima,Tauripampa,true,Yauyos
151030,Lima,Tomas,true,Yauyos
151031,Lima,Tupe,true,Yauyos
151032,Lima,Viñac,true,Yauyos
151033,Lima,Vitis,true,Yauyos
151001,Lima,Yauyos,true,Yauyos
160202,Loreto,Balsapuerto,true,Alto Amazonas
160205,Loreto,Jeberos,true,Alto Amazonas
160206,Loreto,Lagunas,true,Alto Amazonas
160210,Loreto,Santa Cruz,true,Alto Amazonas
160211,Loreto,Teniente Cesar Lopez Rojas,true,Alto Amazonas
160201,Loreto,Yurimaguas,true,Alto Amazonas
160706,Loreto,Andoas,true,Datem del Marañon
160701,Loreto,Barranca,true,Datem del Marañon
160702,Loreto,Cahuapanas,true,Datem del Marañon
160703,Loreto,Manseriche,true,Datem del Marañon
160704,Loreto,Morona,true,Datem del Marañon
160705,Loreto,Pastaza,true,Datem del Marañon
160301,Loreto,Nauta,true,Loreto
160302,Loreto,Parinari,true,Loreto
160303,Loreto,Tigre,true,Loreto
160304,Loreto,Trompeteros,true,Loreto
160305,Loreto,Urarinas,true,Loreto
160402,Loreto,Pebas,true,Mariscal Ramon Castilla
160401,Loreto,Ramon Castilla,true,Mariscal Ramon Castilla
160404,Loreto,San Pablo,true,Mariscal Ramon Castilla
160403,Loreto,Yavari,true,Mariscal Ramon Castilla
160102,Loreto,Alto Nanay,true,Maynas
160112,Loreto,Belen,true,Maynas
160103,Loreto,Fernando Lores,true,Maynas
160104,Loreto,Indiana,true,Maynas
160101,Loreto,Iquitos,true,Maynas
160105,Loreto,Las Amazonas,true,Maynas
160106,Loreto,Mazan,true,Maynas
160107,Loreto,Napo,true,Maynas
160108,Loreto,Punchana,true,Maynas
160801,Loreto,Putumayo,true,Maynas
160802,Loreto,Rosa Panduro,true,Maynas
160113,Loreto,San Juan Bautista,true,Maynas
160803,Loreto,Teniente Manuel Clavero,true,Maynas
160110,Loreto,Torres Causana,true,Maynas
160804,Loreto,Yaguas,true,Maynas
160502,Loreto,Alto Tapiche,true,Requena
160503,Loreto,Capelo,true,Requena
160504,Loreto,Emilio San Martin,true,Requena
160510,Loreto,Jenaro Herrera,true,Requena
160505,Loreto,Maquia,true,Requena
160506,Loreto,Puinahua,true,Requena
160501,Loreto,Requena,true,Requena
160507,Loreto,Saquena,true,Requena
160508,Loreto,Soplin,true,Requena
160509,Loreto,Tapiche,true,Requena
160511,Loreto,Yaquerana,true,Requena
160601,Loreto,Contamana,true,Ucayali
160602,Loreto,Inahuaya,true,Ucayali
160603,Loreto,Padre Marquez,true,Ucayali
160604,Loreto,Pampa Hermosa,true,Ucayali
160605,Loreto,Sarayacu,true,Ucayali
160606,Loreto,Vargas Guerra,true,Ucayali
170202,Madre de Dios,Fitzcarrald,true,Manu
170204,Madre de Dios,Huepetuhe,true,Manu
170203,Madre de Dios,Madre de Dios,true,Manu
170201,Madre de Dios,Manu,true,Manu
170302,Madre de Dios,Iberia,true,Tahuamanu
170301,Madre de Dios,Iñapari,true,Tahuamanu
170303,Madre de Dios,Tahuamanu,true,Tahuamanu
170102,Madre de Dios,Inambari,true,Tambopata
170104,Madre de Dios,Laberinto,true,Tambopata
170103,Madre de Dios,Las Piedras,true,Tambopata
170101,Madre de Dios,Tambopata,true,Tambopata
180202,Moquegua,Chojata,true,General Sanchez Cerr
180203,Moquegua,Coalaque,true,General Sanchez Cerr
180204,Moquegua,Ichuña,true,General Sanchez Cerr
180205,Moquegua,La Capilla,true,General Sanchez Cerr
180206,Moquegua,Lloque,true,General Sanchez Cerr
180207,Moquegua,Matalaque,true,General Sanchez Cerr
180201,Moquegua,Omate,true,General Sanchez Cerr
180208,Moquegua,Puquina,true,General Sanchez Cerr
180209,Moquegua,Quinistaquillas,true,General Sanchez Cerr
180210,Moquegua,Ubinas,true,General Sanchez Cerr
180211,Moquegua,Yunga,true,General Sanchez Cerr
180302,Moquegua,El Algarrobal,true,Ilo
180301,Moquegua,Ilo,true,Ilo
180303,Moquegua,Pacocha,true,Ilo
180102,Moquegua,Carumas,true,Mariscal Nieto
180103,Moquegua,Cuchumbaya,true,Mariscal Nieto
180101,Moquegua,Moquegua,true,Mariscal Nieto
180104,Moquegua,Samegua,true,Mariscal Nieto
180105,Moquegua,San Cristobal,true,Mariscal Nieto
180106,Moquegua,Torata,true,Mariscal Nieto
190202,Pasco,Chacayan,true,Daniel Alcides Carri
190203,Pasco,Goyllarisquizga,true,Daniel Alcides Carri
190204,Pasco,Paucar,true,Daniel Alcides Carri
190205,Pasco,San Pedro de Pillao,true,Daniel Alcides Carri
190206,Pasco,Santa Ana de Tusi,true,Daniel Alcides Carri
190207,Pasco,Tapuc,true,Daniel Alcides Carri
190208,Pasco,Vilcabamba,true,Daniel Alcides Carri
190201,Pasco,Yanahuanca,true,Daniel Alcides Carri
190302,Pasco,Chontabamba,true,Oxapampa
190308,Pasco,Constitución,true,Oxapampa
190303,Pasco,Huancabamba,true,Oxapampa
190301,Pasco,Oxapampa,true,Oxapampa
190304,Pasco,Palcazu,true,Oxapampa
190305,Pasco,Pozuzo,true,Oxapampa
190306,Pasco,Puerto Bermudez,true,Oxapampa
190307,Pasco,Villa Rica,true,Oxapampa
190101,Pasco,Chaupimarca,true,Pasco
190102,Pasco,Huachon,true,Pasco
190103,Pasco,Huariaca,true,Pasco
190104,Pasco,Huayllay,true,Pasco
190105,Pasco,Ninacaca,true,Pasco
190106,Pasco,Pallanchacra,true,Pasco
190107,Pasco,Paucartambo,true,Pasco
190108,Pasco,San Francisco de Asis de Yarusyacan,true,Pasco
190109,Pasco,Simon Bolivar,true,Pasco
190110,Pasco,Ticlacayan,true,Pasco
190111,Pasco,Tinyahuarco,true,Pasco
190112,Pasco,Vicco,true,Pasco
190113,Pasco,Yanacancha,true,Pasco
200201,Piura,Ayabaca,true,Ayabaca
200202,Piura,Frias,true,Ayabaca
200203,Piura,Jilili,true,Ayabaca
200204,Piura,Lagunas,true,Ayabaca
200205,Piura,Montero,true,Ayabaca
200206,Piura,Pacaipampa,true,Ayabaca
200207,Piura,Paimas,true,Ayabaca
200208,Piura,Sapillica,true,Ayabaca
200209,Piura,Sicchez,true,Ayabaca
200210,Piura,Suyo,true,Ayabaca
200302,Piura,Canchaque,true,Huancabamba
200303,Piura,El Carmen de La Frontera,true,Huancabamba
200301,Piura,Huancabamba,true,Huancabamba
200304,Piura,Huarmaca,true,Huancabamba
200305,Piura,Lalaquiz,true,Huancabamba
200306,Piura,San Miguel de El Faique,true,Huancabamba
200307,Piura,Sondor,true,Huancabamba
200308,Piura,Sondorillo,true,Huancabamba
200402,Piura,Buenos Aires,true,Morropon
200403,Piura,Chalaco,true,Morropon
200401,Piura,Chulucanas,true,Morropon
200404,Piura,La Matanza,true,Morropon
200405,Piura,Morropon,true,Morropon
200406,Piura,Salitral,true,Morropon
200407,Piura,San Juan de Bigote,true,Morropon
200408,Piura,Santa Catalina de Mossa,true,Morropon
200409,Piura,Santo Domingo,true,Morropon
200410,Piura,Yamango,true,Morropon
200502,Piura,Amotape,true,Paita
200503,Piura,Arenal,true,Paita
200504,Piura,Colan,true,Paita
200505,Piura,La Huaca,true,Paita
200501,Piura,Paita,true,Paita
200506,Piura,Tamarindo,true,Paita
200507,Piura,Vichayal,true,Paita
200115,Piura,26 de Octubre,true,Piura
200104,Piura,Castilla,true,Piura
200105,Piura,Catacaos,true,Piura
200107,Piura,Cura Mori,true,Piura
200108,Piura,El Tallan,true,Piura
200109,Piura,La Arena,true,Piura
200110,Piura,La Union,true,Piura
200111,Piura,Las Lomas,true,Piura
200101,Piura,Piura,true,Piura
200114,Piura,Tambo Grande,true,Piura
200802,Piura,Bellavista de La Union,true,Sechura
200803,Piura,Bernal,true,Sechura
200804,Piura,Cristo Nos Valga,true,Sechura
200806,Piura,Rinconada Llicuar,true,Sechura
200801,Piura,Sechura,true,Sechura
200805,Piura,Vice,true,Sechura
200602,Piura,Bellavista,true,Sullana
200603,Piura,Ignacio Escudero,true,Sullana
200604,Piura,Lancones,true,Sullana
200605,Piura,Marcavelica,true,Sullana
200606,Piura,Miguel Checa,true,Sullana
200607,Piura,Querecotillo,true,Sullana
200608,Piura,Salitral,true,Sullana
200601,Piura,Sullana,true,Sullana
200702,Piura,El Alto,true,Talara
200703,Piura,La Brea,true,Talara
200704,Piura,Lobitos,true,Talara
200705,Piura,Los Organos,true,Talara
200706,Piura,Mancora,true,Talara
200701,Piura,Pariñas,true,Talara
210202,Puno,Achaya,true,Azangaro
210203,Puno,Arapa,true,Azangaro
210204,Puno,Asillo,true,Azangaro
210201,Puno,Azangaro,true,Azangaro
210205,Puno,Caminaca,true,Azangaro
210206,Puno,Chupa,true,Azangaro
210207,Puno,Jose Domingo Choquehuanca,true,Azangaro
210208,Puno,Muñani,true,Azangaro
210209,Puno,Potoni,true,Azangaro
210210,Puno,Saman,true,Azangaro
210211,Puno,San Anton,true,Azangaro
210212,Puno,San Jose,true,Azangaro
210213,Puno,San Juan de Salinas,true,Azangaro
210214,Puno,Santiago de Pupuja,true,Azangaro
210215,Puno,Tirapata,true,Azangaro
210302,Puno,Ajoyani,true,Carabaya
210303,Puno,Ayapata,true,Carabaya
210304,Puno,Coasa,true,Carabaya
210305,Puno,Corani,true,Carabaya
210306,Puno,Crucero,true,Carabaya
210307,Puno,Ituata,true,Carabaya
210301,Puno,Macusani,true,Carabaya
210308,Puno,Ollachea,true,Carabaya
210309,Puno,San Gaban,true,Carabaya
210310,Puno,Usicayos,true,Carabaya
210402,Puno,Desaguadero,true,Chucuito
210403,Puno,Huacullani,true,Chucuito
210401,Puno,Juli,true,Chucuito
210404,Puno,Kelluyo,true,Chucuito
210405,Puno,Pisacoma,true,Chucuito
210406,Puno,Pomata,true,Chucuito
210407,Puno,Zepita,true,Chucuito
210502,Puno,Capazo,true,El Collao
210505,Puno,Conduriri,true,El Collao
210501,Puno,Ilave,true,El Collao
210503,Puno,Pilcuyo,true,El Collao
210504,Puno,Santa Rosa,true,El Collao
210602,Puno,Cojata,true,Huancane
210601,Puno,Huancane,true,Huancane
210603,Puno,Huatasani,true,Huancane
210604,Puno,Inchupalla,true,Huancane
210605,Puno,Pusi,true,Huancane
210606,Puno,Rosaspata,true,Huancane
210607,Puno,Taraco,true,Huancane
210608,Puno,Vilque Chico,true,Huancane
210702,Puno,Cabanilla,true,Lampa
210703,Puno,Calapuja,true,Lampa
210701,Puno,Lampa,true,Lampa
210704,Puno,Nicasio,true,Lampa
210705,Puno,Ocuviri,true,Lampa
210706,Puno,Palca,true,Lampa
210707,Puno,Paratia,true,Lampa
210708,Puno,Pucara,true,Lampa
210709,Puno,Santa Lucia,true,Lampa
210710,Puno,Vilavila,true,Lampa
210802,Puno,Antauta,true,Melgar
210801,Puno,Ayaviri,true,Melgar
210803,Puno,Cupi,true,Melgar
210804,Puno,Llalli,true,Melgar
210805,Puno,Macari,true,Melgar
210806,Puno,Nuñoa,true,Melgar
210807,Puno,Orurillo,true,Melgar
210808,Puno,Santa Rosa,true,Melgar
210809,Puno,Umachiri,true,Melgar
210902,Puno,Conima,true,Moho
210903,Puno,Huayrapata,true,Moho
210901,Puno,Moho,true,Moho
210904,Puno,Tilali,true,Moho
210102,Puno,Acora,true,Puno
210103,Puno,Amantani,true,Puno
210104,Puno,Atuncolla,true,Puno
210105,Puno,Capachica,true,Puno
210106,Puno,Chucuito,true,Puno
210107,Puno,Coata,true,Puno
210108,Puno,Huata,true,Puno
210109,Puno,Mañazo,true,Puno
210110,Puno,Paucarcolla,true,Puno
210111,Puno,Pichacani,true,Puno
210112,Puno,Plateria,true,Puno
210101,Puno,Puno,true,Puno
210113,Puno,San Antonio,true,Puno
210114,Puno,Tiquillaca,true,Puno
210115,Puno,Vilque,true,Puno
211002,Puno,Ananea,true,San Antonio de Putin
211003,Puno,Pedro Vilca Apaza,true,San Antonio de Putin
211001,Puno,Putina,true,San Antonio de Putin
211004,Puno,Quilcapuncu,true,San Antonio de Putin
211005,Puno,Sina,true,San Antonio de Putin
211102,Puno,Cabana,true,San Roman
211103,Puno,Cabanillas,true,San Roman
211104,Puno,Caracoto,true,San Roman
211101,Puno,Juliaca,true,San Roman
211105,Puno,San Miguel,true,San Roman
211209,Puno,Alto Inambari,true,Sandia
211202,Puno,Cuyocuyo,true,Sandia
211203,Puno,Limbani,true,Sandia
211204,Puno,Patambuco,true,Sandia
211205,Puno,Phara,true,Sandia
211206,Puno,Quiaca,true,Sandia
211207,Puno,San Juan del Oro,true,Sandia
211210,Puno,San Pedro de Putina Punco,true,Sandia
211201,Puno,Sandia,true,Sandia
211208,Puno,Yanahuaya,true,Sandia
211302,Puno,Anapia,true,Yunguyo
211303,Puno,Copani,true,Yunguyo
211304,Puno,Cuturapi,true,Yunguyo
211305,Puno,Ollaraya,true,Yunguyo
211306,Puno,Tinicachi,true,Yunguyo
211307,Puno,Unicachi,true,Yunguyo
211301,Puno,Yunguyo,true,Yunguyo
220202,San Martin,Alto Biavo,true,Bellavista
220203,San Martin,Bajo Biavo,true,Bellavista
220201,San Martin,Bellavista,true,Bellavista
220204,San Martin,Huallaga,true,Bellavista
220205,San Martin,San Pablo,true,Bellavista
220206,San Martin,San Rafael,true,Bellavista
220302,San Martin,Agua Blanca,true,El Dorado
220301,San Martin,San Jose de Sisa,true,El Dorado
220303,San Martin,San Martin,true,El Dorado
220304,San Martin,Santa Rosa,true,El Dorado
220305,San Martin,Shatoja,true,El Dorado
220402,San Martin,Alto Saposoa,true,Huallaga
220403,San Martin,El Eslabon,true,Huallaga
220404,San Martin,Piscoyacu,true,Huallaga
220405,San Martin,Sacanche,true,Huallaga
220401,San Martin,Saposoa,true,Huallaga
220406,San Martin,Tingo de Saposoa,true,Huallaga
220502,San Martin,Alonso de Alvarado,true,Lamas
220503,San Martin,Barranquita,true,Lamas
220504,San Martin,Caynarachi,true,Lamas
220505,San Martin,Cuñumbuqui,true,Lamas
220501,San Martin,Lamas,true,Lamas
220506,San Martin,Pinto Recodo,true,Lamas
220507,San Martin,Rumisapa,true,Lamas
220508,San Martin,San Roque de Cumbaza,true,Lamas
220509,San Martin,Shanao,true,Lamas
220510,San Martin,Tabalosos,true,Lamas
220511,San Martin,Zapatero,true,Lamas
220602,San Martin,Campanilla,true,Mariscal Caceres
220603,San Martin,Huicungo,true,Mariscal Caceres
220601,San Martin,Juanjui,true,Mariscal Caceres
220604,San Martin,Pachiza,true,Mariscal Caceres
220605,San Martin,Pajarillo,true,Mariscal Caceres
220102,San Martin,Calzada,true,Moyobamba
220103,San Martin,Habana,true,Moyobamba
220104,San Martin,Jepelacio,true,Moyobamba
220101,San Martin,Moyobamba,true,Moyobamba
220105,San Martin,Soritor,true,Moyobamba
220106,San Martin,Yantalo,true,Moyobamba
220702,San Martin,Buenos Aires,true,Picota
220703,San Martin,Caspisapa,true,Picota
220701,San Martin,Picota,true,Picota
220704,San Martin,Pilluana,true,Picota
220705,San Martin,Pucacaca,true,Picota
220706,San Martin,San Cristobal,true,Picota
220707,San Martin,San Hilarion,true,Picota
220708,San Martin,Shamboyacu,true,Picota
220709,San Martin,Tingo de Ponasa,true,Picota
220710,San Martin,Tres Unidos,true,Picota
220802,San Martin,Awajun,true,Rioja
220803,San Martin,Elias Soplin Vargas,true,Rioja
220804,San Martin,Nueva Cajamarca,true,Rioja
220805,San Martin,Pardo Miguel,true,Rioja
220806,San Martin,Posic,true,Rioja
220801,San Martin,Rioja,true,Rioja
220807,San Martin,San Fernando,true,Rioja
220808,San Martin,Yorongos,true,Rioja
220809,San Martin,Yuracyacu,true,Rioja
220902,San Martin,Alberto Leveau,true,San Martin
220903,San Martin,Cacatachi,true,San Martin
220904,San Martin,Chazuta,true,San Martin
220905,San Martin,Chipurana,true,San Martin
220906,San Martin,El Porvenir,true,San Martin
220907,San Martin,Huimbayoc,true,San Martin
220908,San Martin,Juan Guerra,true,San Martin
220909,San Martin,La Banda de Shilcayo,true,San Martin
220910,San Martin,Morales,true,San Martin
220911,San Martin,Papaplaya,true,San Martin
220912,San Martin,San Antonio,true,San Martin
220913,San Martin,Sauce,true,San Martin
220914,San Martin,Shapaja,true,San Martin
220901,San Martin,Tarapoto,true,San Martin
221002,San Martin,Nuevo Progreso,true,Tocache
221003,San Martin,Polvora,true,Tocache
221004,San Martin,Shunte,true,Tocache
221001,San Martin,Tocache,true,Tocache
221005,San Martin,Uchiza,true,Tocache
230202,Tacna,Cairani,true,Candarave
230203,Tacna,Camilaca,true,Candarave
230201,Tacna,Candarave,true,Candarave
230204,Tacna,Curibaya,true,Candarave
230205,Tacna,Huanuara,true,Candarave
230206,Tacna,Quilahuani,true,Candarave
230302,Tacna,Ilabaya,true,Jorge Basadre
230303,Tacna,Ite,true,Jorge Basadre
230301,Tacna,Locumba,true,Jorge Basadre
230102,Tacna,Alto de La Alianza,true,Tacna
230103,Tacna,Calana,true,Tacna
230104,Tacna,Ciudad Nueva,true,Tacna
230110,Tacna,Coronel Gregorio Albarracin Lanchipa,true,Tacna
230105,Tacna,Inclan,true,Tacna
230111,Tacna,La Yarada-Los Palos,true,Tacna
230106,Tacna,Pachia,true,Tacna
230107,Tacna,Palca,true,Tacna
230108,Tacna,Pocollay,true,Tacna
230109,Tacna,Sama,true,Tacna
230101,Tacna,Tacna,true,Tacna
230403,Tacna,Estique,true,Tarata
230404,Tacna,Estique-Pampa,true,Tarata
230402,Tacna,Heroes Albarracin,true,Tarata
230405,Tacna,Sitajara,true,Tarata
230406,Tacna,Susapaya,true,Tarata
230401,Tacna,Tarata,true,Tarata
230407,Tacna,Tarucachi,true,Tarata
230408,Tacna,Ticaco,true,Tarata
240203,Tumbes,Canoas de Punta Sal,true,Contralmirante Villa
240202,Tumbes,Casitas,true,Contralmirante Villa
240201,Tumbes,Zorritos,true,Contralmirante Villa
240102,Tumbes,Corrales,true,Tumbes
240103,Tumbes,La Cruz,true,Tumbes
240104,Tumbes,Pampas de Hospital,true,Tumbes
240105,Tumbes,San Jacinto,true,Tumbes
240106,Tumbes,San Juan de La Virgen,true,Tumbes
240101,Tumbes,Tumbes,true,Tumbes
240302,Tumbes,Aguas Verdes,true,Zarumilla
240303,Tumbes,Matapalo,true,Zarumilla
240304,Tumbes,Papayal,true,Zarumilla
240301,Tumbes,Zarumilla,true,Zarumilla
250201,Ucayali,Raymondi,true,Atalaya
250202,Ucayali,Sepahua,true,Atalaya
250203,Ucayali,Tahuania,true,Atalaya
250204,Ucayali,Yurua,true,Atalaya
250101,Ucayali,Calleria,true,Coronel Portillo
250102,Ucayali,Campoverde,true,Coronel Portillo
250103,Ucayali,Iparia,true,Coronel Portillo
250107,Ucayali,Manantay,true,Coronel Portillo
250104,Ucayali,Masisea,true,Coronel Portillo
250106,Ucayali,Nueva Requena,true,Coronel Portillo
250105,Ucayali,Yarinacocha,true,Coronel Portillo
250305,Ucayali,Alexander von Humboldt,true,Padre Abad
250303,Ucayali,Curimana,true,Padre Abad
250302,Ucayali,Irazola,true,Padre Abad
250304,Ucayali,Neshuya,true,Padre Abad
250301,Ucayali,Padre Abad,true,Padre Abad
250401,Ucayali,Purus,true,Purus
260101,Estados Unidos, Estados Unidos, true,Estados Unidos
270101,Argentina, Argentina, true,Argentina
280101,Colombia, Colombia, true,Colombia
290101,Ecuador, Ecuador, true,Ecuador
300101,Bolivia,Bolivia, true,Bolivia
310101,Chile,Chile, true,Chile
320101,Brazil,Brazil, true,Brazil
330101,Venezuela,Venezuela, true,Venezuela